NAAM,ALCOHOL %,BROUWERIJ
Aardmonnik,8.000000,De Struise Brouwers
Aarschotse Bruine,6.000000,StadsBrouwerij Aarschot
Abbay d’AulneBlonde des Pères 6,6.000000,Brouwerij Val de Sambre
Abbay d’AulneBrune des Pères 6,6.000000,Brouwerij Val de Sambre
Abbay d’AulneSuper Noël 9,9.000000,Brouwerij Val de Sambre
Abbay d’AulneTriple Blonde,6.300000,Brouwerij Val de Sambre
Abbay d’AulneTriple Brune,8.000000,Brouwerij Val de Sambre
Abbay d’AulneVal de Sambre,6.400000,Brouwerij Val de Sambre
Abbaye deBonne-Espérance,7.800000,Brouwerij Lefebvre
Abbaye de Forest,6.500000,Brouwerij de Silly
Abbaye de laThure,10.000000,Brouwerij Brootcoorens
Abbaye deSaint-Martin Blonde,7.000000,Brouwerij de Brunehaut
Abbaye deSaint-Martin Brune,8.000000,Brouwerij de Brunehaut
Abbaye deSaint-Martin Cuvée de Noël,8.500000,Brouwerij de Brunehaut
Abbaye deSaint-Martin Triple,9.000000,Brouwerij de Brunehaut
Abbaye deOudkerken,6.200000,Brouwerij Lefebvre
Abbaye des RocsBlonde,7.500000,Brouwerij de l’Abbaye desRocs
Abbaye des RocsBrune,9.000000,Brouwerij de l’Abbaye desRocs
Abbaye des RocsGrand Cru,9.500000,Brouwerij de l’Abbaye desRocs
Abbaye des RocsSpéciale Noël,9.000000,Brouwerij de l’Abbaye desRocs
Abdis Blond,6.500000,Brouwerij Riva
Abdis Bruin,6.500000,Brouwerij Riva
Abdis Tripel,8.200000,Brouwerij Riva
Abdij van ‘t Park Blond,6.000000,Haacht
Abdij van ‘t Park Bruin,6.000000,Haacht
Abdij vanRoosenberg Dubbel,7.000000,Brouwerij Van Steenberge
Abdij vanRoosenberg Tripel,9.000000,Brouwerij Van Steenberge
Achel 5 Blond,5.000000,Achelse Kluis
Achel 5 Bruin,5.000000,Achelse Kluis
Achel 8 Blond,8.000000,Achelse Kluis
Achel 8 Bruin,8.000000,Achelse Kluis
Achel Blond Extra,9.500000,Achelse Kluis
Achel Bruin Extra,9.500000,Achelse Kluis
Adelardus,7.000000,Brouwerij Sint-Jozef voorBrouwerij Kerkom
Adelardus Tripel,9.000000,Brouwerij Sint-Jozef voorBrouwerij Kerkom
Adler,6.500000,Brouwerij Haacht
Adriaen Brouwer,5.000000,Brouwerij Roman
Adriaen BrouwerDark Gold,8.500000,Brouwerij Roman
AffligemBlond,6.800000,Affligem Brouwerij (Heineken)
Affligem Dubbel,6.800000,Affligem Brouwerij (Heineken)
Affligem 950Cuvee,6.800000,Affligem Brouwerij (Heineken)
Affligem Noël,9.000000,Affligem Brouwerij (Heineken)
AffligemPatersvat,6.800000,Affligem Brouwerij (Heineken)
Affligem Tripel,8.500000,Affligem Brouwerij (Heineken)
Agrumbocq,3.100000,Brouwerij du Bocq
Alpaïde,10.000000,Brouwerij Nieuwhuys
Alpaïde Cuvéevan de generaal,8.500000,Brouwerij Nieuwhuys
Akila Pils,5.000000,Brouwerij Louwaege
Alfri,0.500000,Brouwerij Roman
Altitude 6,6.000000,Brouwerij de l’Abbaye desRocs
Alvinne ExtraRestyled,7.000000,Brouwerij Alvinne
Alvinne Lex’ke,6.300000,Brouwerij Alvinne
Alvinne Tripel,8.700000,Brouwerij Alvinne
Alvino BourgogneBarrel OA,5.500000,Brouwerij Alvinne
Ambetanterik,8.700000,Brouwerij Het Alternatiefbij Brouwerij Alvinne
Ambiorix,8.000000,Brouwerij Slaghmuylder
Amuse,6.500000,Brouwerij Bryggja
Angélus Blonde,7.000000,Brouwerij Brootcoorens
Angélus Brune,7.000000,Brouwerij Brootcoorens
Angélus SpécialeNoël,9.000000,Brouwerij Brootcoorens
Anker Blond,6.500000,Brouwerij Het Anker
Anker Boscoulis,6.500000,Brouwerij Het Anker
Anker Herfstbok,6.500000,Brouwerij Het Anker
Anker Pils,5.000000,Brouwerij Het Anker
Antiek Blond,8.000000,Brouwerij Deca
Antiek Bruin,8.000000,Brouwerij Deca
Antiek Super 5Blond,5.000000,Brouwerij Deca
Antigoon,7.000000,The Musketeers
Antwerps Blond,5.000000,HuisBrouwerij ‘t Pakhuis
Antwerps Bruin,5.800000,HuisBrouwerij ‘t Pakhuis
Applebocq,3.100000,Brouwerij Du Bocq
Arabier,8.000000,De Dolle Brouwers
Archiduc,6.200000,Brouwerij d’Ecaussinnes
Arend Blond,6.500000,Brouwerij De Ryck
Arend Dubbel,6.500000,Brouwerij De Ryck
Arend Tripel,8.000000,Brouwerij De Ryck
Arend Winter,6.300000,Brouwerij De Ryck
Arendonker Bruin,8.500000,DorpsBrouwerij Humulus
Arendonker Tripel,8.000000,DorpsBrouwerij Humulus
Armand’4 Herfst,6.000000,Geuzestekerij 3 Fonteinen
Armand’4 Lente,6.000000,Geuzestekerij 3 Fonteinen
Armand’4 Winter,6.000000,Geuzestekerij 3 Fonteinen
Armand’4 Zomer,6.000000,Geuzestekerij 3 Fonteinen
Artevelde,5.700000,Brouwerij Huyghe
Artevelde GrandCru,7.200000,Brouwerij Huyghe
Asterie,NaN,Brouwerij d’Ecaussinnes
Atomium PremierGrand Cru,8.000000,Brouwerij Van Steenberge
Augrenette,4.500000,Brouwerij Augrenoise
Augrenoise,6.500000,Brouwerij Augrenoise
AugrenoiseBlonde de Noël,10.000000,Brouwerij Augrenoise
Augustijn Blond,7.500000,Brouwerij Van Steenberge
Augustijn Donker,7.000000,Brouwerij Van Steenberge
Augustijn GrandCru,9.000000,Brouwerij Van Steenberge
Authentic 621,7.500000,Authentique Brouwerij
Authentic Ambrée,5.000000,Authentique Brouwerij
Authentic Blonde,6.500000,Authentique Brouwerij
Authentic Blondede Noël,9.000000,Authentique Brouwerij
Authentic Triple,9.500000,Authentique Brouwerij
L’Autruche Bieredes Gilles,7.000000,Brouwerij de Silenrieux
Aux Mensonges Vertueux,8.000000,Brouwerij Beryllium Erbium
Bacchus,4.500000,Brouwerij Van Honsebrouck
BacchusFrambozenbier,5.000000,Brouwerij Van Honsebrouck
BacchusKriekenbier,5.800000,Brouwerij Van Honsebrouck
Balthazar,8.900000,Brouwerij Alvinne
Barbãr,8.000000,Brouwerij Lefebvre
Barbãr Winter Bok,8.000000,Brouwerij Lefebvre
Barbe d’Or(Goudbaard),7.500000,Brouwerij Verhaeghe
Barbe Noire(Zwartbaard),9.000000,Brouwerij Verhaeghe
Barbe Rouge(Roodbaard),8.000000,Brouwerij Verhaeghe
Bas,6.500000,De ProefBrouwerij voor bierfirmaBas-bieren
Bastogne Pale Ale,6.500000,Brouwerij de Bastogne
Basèque,8.500000,Brasserie des carrières
Basilius,7.000000,De ProefBrouwerij voor ’t BrugsBierinstituut
Bobeline Black Label,8.500000,Didier Dumalin
Bobeline Blanche Fraise,3.600000,Didier Dumalin
Bobeline Blonde,8.500000,Didier Dumalin
BoudeloBlond Tripel,8.500000,Brouwerij Boelens
BoudeloDouble,8.500000,Brouwerij Boelens
Bavaro,3.600000,Brouwerij Haacht
Bavik Blond,1.500000,Brouwerij Bavik
Bavik Faro,1.500000,Brouwerij Bavik
Bavik Pony-Stout,5.200000,Brouwerij Bavik
Bavik PremiumPils,5.200000,Brouwerij Bavik
Bavik Triple Bock,3.000000,Brouwerij Bavik
Beer for Life,6.500000,Brouwerij Dilewyns
BeernemsBerenbier,7.500000,Brouwerij Van Steenbergevoor BIVO Drinks
Beersel Bio,7.000000,Geuzestekerij 3 Fonteinen
Beersel Blond,7.000000,Geuzestekerij 3 Fonteinen
Beersel Lager,5.200000,Geuzestekerij 3 Fonteinen
Bel Pils,5.000000,Brouwerij Duvel Moortgat
Belgian AngelStout,5.200000,Brouwerij Brootcoorens
BelgianFramboises,3.500000,Brouwerij Lefebvre
Belgian Kriek,3.500000,Brouwerij Lefebvre
Belgian Pêches,3.500000,Brouwerij Lefebvre
Belgoo Arboo,8.100000,Brouwerij Belgoobeer bijBrouwerij La Binchoise
Belgoo Magus,6.600000,Brouwerij Belgoobeer bijBrouwerij La Binchoise
Belgoo Maxus,8.100000,Brouwerij Belgoobeer bijBrouwerij La Binchoise
Belgoo Luppoo,6.500000,Brouwerij Belgoobeer bijBrouwerij La Binchoise
Bella Mère,6.500000,Brouwerij Millevertus
Belle Cies,10.000000,HuisBrouwerij Den Tseut
Belle-VueFramboise,5.700000,Brouwerij Belle-Vue (InBev)
Belle-Vue ExtraFramboise,2.900000,Brouwerij Belle-Vue (Inbev)
Belle-Vue Kriek,5.200000,Brouwerij Belle-Vue (InBev)
Belle-Vue KriekClassique,5.100000,Brouwerij Belle-Vue (Inbev)
Belle-Vue ExtraKriek,4.300000,Brouwerij Belle-Vue (InBev)
Belle-Vue Gueuze,5.500000,Brouwerij Belle-Vue (InBev)
Belle-Vue LA,1.000000,Brouwerij Belle-Vue (Inbev)
Bellebier Amber,5.200000,Brouwerij Van Steenbergevoor Paeleman
Bellebier Dubbel,6.200000,Brouwerij Van Steenbergevoor Paeleman
Bellebier Trippel,8.000000,Brouwerij Van Steenbergevoor Paeleman
Bellegems Bruin,5.500000,Brouwerij Bockor
Bellegems Witbier,5.000000,Brouwerij Bockor
Belval,4.800000,Gageleer
Ben’s Golden triple,9.000000,Brouwerij Anders
Ben’s IPA,7.500000,Brouwerij Anders
Ben’s Strong Blond,8.000000,Brouwerijn Anders
Ben’s Strong Dark,8.000000,Brouwerij Anders
Berentemmer,7.000000,Brouwerij Maenhout
Bersalis Tripel,9.500000,Brouwerij Huyghe voorBrouwerij Oud Beersel
Bersalis Kadet,4.500000,Brouwerij Huyghe voorBrouwerij Oud Beersel
Betchard Brune,7.000000,Brouwerij de Tubize
Betchard Blonde,5.500000,Brouwerij de Tubize
Bueckenholt Belge,6.500000,Brouwerij Bier Anders
Bueckenholt Saison 548,6.100000,Brouwerij Bier Anders
Bieken,8.000000,Brouwerij Boelens
Bierbeekse,7.300000,Brouwerij Van Steenbergevoor de gemeente Bierbeek en Terclavers
Bierbuik,8.000000,De VerhuisBrouwerij
Bière Darbyste,5.800000,Brouwerij de Blaugies
Bière de Beloeil,8.500000,Brouwerij Dupont
Bière de Garde,10.000000,Brouwerij Jessenhofke bij DeProefBrouwerij
Bière de Miel Bio,8.000000,Brouwerij Dupont
Bière des Ours(Berenbier),8.500000,Brouwerij La Binchoise
Bière duCorsaire Cuvée Spéciale,9.400000,Brouwerij Huyghe
Bière du MontSaint-Aubert,8.000000,Brouwerij de Brunehaut
Bière SpécialeBelge,5.000000,Brouwerij La Binchoise
Big Bavik,5.000000,Brouwerij Bavik
BierpruverDubbel Bruin,7.500000,HuisBrouwerij de 3 vaten
Bierpruver Tripel,9.000000,HuisBrouwerij de 3 vaten
Bierpruver Winter,8.000000,HuisBrouwerij de 3 vaten
Bink Blond,5.500000,Brouwerij Kerkom
Bink Bruin,5.500000,Brouwerij Kerkom
Bink Bloesem,7.100000,Brouwerij Kerkom
Biolégère,3.500000,Brouwerii Dupont
Bitter SweetSymphony,7.800000,Brouwerij ‘t Gaverhopke
Bittere Waarheid,11.000000,Brouwerij Het Alternatiefbij Brouwerij De Graal
Bjeizelereke Blond,7.000000,Scheldebrouwerij
Bjeizelereke Bruin,8.500000,Scheldebrouwerij
Black,6.300000,Brouwerij de Bellevaux
Black Albert,13.000000,De Struise Brouwers bij Brouwerij Deca
Black Damnation I,13.000000,De Struise Brouwers bij Brouwerij Deca
Black DamnationII (Mocha Bomb),12.000000,De Struise Brouwers bij Brouwerij Deca
Black DamnationIII (Black Mes),13.000000,De Struise Brouwers bij Brouwerij Deca
Black DamnationIV (Coffée Club),13.000000,De Struise Brouwers bij Brouwerij Deca
Black DamnationV (Double Black),26.000000,De Struise Brouwers bij Brouwerij Deca
Black Ghost,8.000000,Brouwerij Fantôme
Black Hole,5.600000,Brouwerij Roman
Black Jack,7.000000,De Struise Brouwers bij Brouwerij Deca
Blanche,4.800000,Brouwerij de Bellevaux
Blanche d’Ardenne,4.300000,Brouwerij du Bocq voorCorsendonk nv
Blanche deBouillon,5.500000,Brouwerij de Bouillon
Blanche deBrabant,5.000000,Groep John Martin
Blanche deBruxelles,4.500000,Brouwerij Lefebvre
Blanche deCharleroi,5.000000,Brouwerij Val de Sambre
Blanche de Namur,5.200000,Brouwerij du Bocq
Blanche de Tubize,4.800000,Brouwerij de Tubize
Blanche desHonnelles,6.000000,Brouwerij de l’Abbaye desRocs
Blanche desNeiges,5.000000,Brouwerij Huyghe
Blanche duHainaut Bio,5.500000,Brouwerij Dupont
Blanchette deGaume,5.000000,Brouwerij Millevertus
Blanchette deLorraine,5.000000,Brouwerij Millevertus
Blankenbergse Kokketeute,7.200000,Van Steenberge
BLAUW,5.200000,Brouwerij Bockor
Blauwersbier,6.500000,Brouwerij Van Eecke
Bloemenbier,7.000000,De ProefBrouwerij
Bière de la Bonde,10.000000,Brouwerij Van Eecke
Bleeken Moriaen,10.000000,Brouwerij Van Eecke
Blonde,7.000000,Brouwerij de Bellevaux
Blonde,1.200000,Brouwerij Haacht
Blonde Bie,8.000000,Brouwerij De Bie
Blonde de Brabant,6.000000,Groep John Martin
Blonde de Noël,10.000000,Brouwerij Caulier
Blondelle,7.000000,t HofBrouwerijke
Blondine,8.000000,Brouwerij Van Steenbergevoor Hopduvel Gent
Blondine IPA,8.000000,Brouwerij De Graal voorHopduvel Gent
Bock Leroy,1.800000,Brouwerij Het Sas
Bock Pils,5.200000,Brouwerij Palm
Bockor Pils,5.200000,Brouwerij Bockor
Bocq Christmas,8.100000,Brouwerij Du Bocq
Boembeke Luiwerk,6.500000,Brouwerij De Graal
Boerinneken,9.500000,De ProefBrouwerij voor Den OudenAdvokaat
Bokkereyer,6.000000,Brouwerij Sint-Jozef
BollevilleCalvados Barrel OA,10.000000,Brouwerij Alvinne
Bokrijks,7.200000,Brouwerij du Bocq
Bon Homme,6.500000,Brouwerij De Leite
Bon SecoursAmbrée,8.000000,Brouwerij Caulier
Bon SecoursBlonde,8.000000,Brouwerij Caulier
Bon Secours Brune,8.000000,Brouwerij Caulier
Bon SecoursFramboise,7.000000,Brouwerij Caulier
Bon SecoursMyrtille,7.000000,Brouwerij Caulier
Bon Secours Noël,10.000000,Brouwerij Caulier
Boneffe,9.000000,Brouwerij de Tubize
Bons Voeux,9.500000,Brouwerij Dupont
Bornem Dubbel,8.000000,Brouwerij Van Steenberge
Bornem Tripel,9.000000,Brouwerij Van Steenberge
Bos Bier,9.000000,Brouwerij DijkWaert
Bosbier,4.000000,Brouwerij Sint-Jozef
Boscoli,3.500000,Brouwerij Het Anker
Boskeun,7.000000,De Dolle Brouwers
Bosprotter,8.500000,t HofBrouwerijke
Bourgogne desFlandres Blond,6.000000,Brouwerij Timmermans
Bourgogne desFlandres Bruin,5.000000,Brouwerij Timmermans
Brouwerij desRocs Triple Impériale,10.000000,Brouwerij de l’Abbaye desRocs
BRAS,10.000000,Brouwerij Den Tseut
Brave Broeder,5.000000,Brouwerij de Silly
Bravoure,6.500000,Brouwerij De Dochter van deKorenaar
Bremserbier,6.000000,HuisBrouwerij de 3 vaten
Brice,7.500000,Brouwerij Grain d’Orge
Briekebakker,8.700000,Brouwerij Alvinne
Brigand,9.000000,Brouwerij Van Honsebrouck
Brigand IPA,6.500000,Brouwerij Van Honsebrouck
Broeder Jacob Bruin,7.500000,Brouwerij Broeder Jacob
Broeder Jacob Brut Rose Limited ed.,6.500000,Brouwerij Broeder Jacob
Broeder Jacob Formidabel,5.500000,Brouwerij Broeder Jacob
Broeder Jacob Tripel,7.500000,Brouwerij Broeder Jacob
Bruegel,5.000000,Brouwerij Van Steenberge
Brugge Blond,6.500000,Brouwerij Palm (vroeger inBrouwerij De Gouden Boom)
Brugge Tripel,8.700000,Brouwerij Palm (vroeger inBrouwerij De Gouden Boom)
Brugs(Tarwebier),4.800000,Alken-Maes (Heineken) (vroeger inBrouwerij De Gouden Boom)
Brugs Beertje 20,6.500000,Brouwerij De Regenboog
Brugs Beertje 25,9.000000,Brouwerij De Regenboog
Brugse Babbelaar,6.500000,De ProefBrouwerij
Brugse Bok,6.500000,Brouwerij De Halve Maan
Brugse Zot Blond,6.000000,Brouwerij De Halve Maan
Brugse Zot Dubbel,7.500000,Brouwerij De Halve Maan
Bruin Leroy,1.800000,Brouwerij Het Sas
Brune,6.800000,Brouwerij de Bellevaux
Brunehaut Terroir,5.000000,Brouwerij de Brunehaut
BrunehautTradition,6.500000,Brouwerij de Brunehaut
Brunehaut Village,6.500000,Brouwerij de Brunehaut
Brunehaut BioAmber,6.500000,Brouwerij de Brunehaut
Brunehaut BioBlanche,5.000000,Brouwerij de Brunehaut
Brunehaut BioBlonde,6.500000,Brouwerij de Brunehaut
Brunette,9.000000,Brouwerij Van Steenbergevoor Hopduvel Gent
Brusseleir Zwet IPA,8.000000,Brasserie de la Senne
Brussels Framboos,3.500000,Brouwerij Van Steenberge
Brussels Kriek,5.000000,Brouwerij Van Steenberge
Brussels Perzik,4.000000,Brouwerij Van Steenberge
Brussels FruitBeer “Apple”,3.200000,Brouwerij Du Bocq
Brussels FruitBeer “Peaches”,3.200000,Brouwerij Du Bocq
Brussels FruitBeer “Red Fruit”,3.200000,Brouwerij Du Bocq
Brut,8.000000,Brouwerij De Vlier
Bruynen Moriaen,9.000000,Brouwerij Van Eecke
Bryggja,8.500000,Brouwerij Bryggja
Buffalo,6.500000,Brouwerij Van Den Bossche
Buffalo BelgianStout,9.000000,Brouwerij Van Den Bossche
Buffalo Bitter,8.000000,Brouwerij Van Den Bossche
Bush Amber,12.000000,Brouwerij Dubuisson
Bush Amber Tripel,12.000000,Brouwerij Dubuisson
Bush Blond,10.500000,Brouwerij Dubuisson
Bush Blond Triple,10.500000,Brouwerij Dubuisson
Bush de Noël,12.000000,Brouwerij Dubuisson
Bush de NoëlPremium,13.000000,Brouwerij Dubuisson
Bush de Nuits,13.000000,Brouwerij Dubuisson
Bush Prestige,13.000000,Brouwerij Dubuisson
Bush 7,7.500000,Brouwerij Dubuisson
Cambrinus,5.100000,Brouwerij Verhaeghe
Campus Premium,5.000000,Brouwerij Huyghe
Campus,7.000000,Brouwerij Huyghe
Campus Gold,6.200000,Brouwerij Huyghe
Canaille,5.200000,Brouwerij Grain d’Orge
Canaster,8.700000,Brouwerij De Glazen Toren
Cantillon Fou’ Foune,5.000000,Brouwerij Cantillon
Cantillon Geuze,5.000000,Brouwerij Cantillon
Caper Fumatis,6.300000,Brouwerij Alvinne
Capoen,6.500000,De ProefBrouwerij
Captain CookerManuka Beer,5.700000,De ProefBrouwerij voor Captain Cooker
Captain CookerWhite Manuka Beer,4.500000,De ProefBrouwerij voor Captain Cooker
Cara Pils,4.900000,Brouwerij Haacht
Caracole,8.000000,Brouwerij Caracole
Carioca,4.800000,De Lion à Plume bij Brouwerij deBastogne
Carlos,6.500000,Brouwerij Contreras
Carnavalsbier,6.100000,Brouwerij De Graal voorbierfirma Vacas
Carrousel,6.000000,Brouwerij De Vlier
Caulier Brune,6.800000,De ProefBrouwerij voor The House ofCaulier
Caulier SpecialExtra,4.300000,De ProefBrouwerij voor The House ofCaulier
Caulier Blonde,6.800000,De ProefBrouwerij voor The House ofCaulier
Caves,5.800000,Brouwerij Verhaeghe
Ceci n’est pasun Barley Wine,10.000000,Brouwerij Sainte-Hélène
Ceci n’est pasune saison,6.500000,t HofBrouwerijke
Ceci n’est pasune stout,6.500000,t HofBrouwerijke
Ceci n’est pasune triple,8.000000,t HofBrouwerijke
Celestus,5.000000,Brouwerij Haacht
Celis White,5.000000,Brouwerij Van Steenberge
Celtic Angel,6.200000,De ProefBrouwerij voor MicroBrouwerijAchilles
Cervesia,8.000000,Brouwerij Dupont
Cervoise del’Avouerie d’Anthisnes,5.000000,Brouwerij de Silly
Cesar,8.500000,Brouwerij Van Steenberge
Cezarken,5.500000,Brouwerij Strubbe voorBrouwerij Crombé
Chapeau Gueuze,5.500000,Brouwerij De Troch
Chapeau Abricot,3.500000,Brouwerij De Troch
Chapeau Banana,3.500000,Brouwerij De Troch
Chapeau CuvéeOude Gueuze,5.500000,Brouwerij De Troch
Chapeau Exotic(ananas),3.500000,Brouwerij De Troch
Chapeau Faro,4.750000,Brouwerij De Troch
Chapeau Fraises,3.500000,Brouwerij De Troch
Chapeau Framboise,3.500000,Brouwerij De Troch
Chapeau Kriek,3.500000,Brouwerij De Troch
Chapeau Lemon,3.500000,Brouwerij De Troch
Chapeau Mirabelle,3.500000,Brouwerij De Troch
Chapeau Pêche,3.500000,Brouwerij De Troch
Chapeau WinterGueuze,5.600000,Brouwerij De Troch
Charles Quint,6.300000,Haacht
Chimay Blauw,9.000000,Abdij Notre-Dame de Scourmont
Chimay Rood,7.000000,Abdij Notre-Dame de Scourmont
Chimay Wit,8.000000,Abdij Notre-Dame de Scourmont
Chimay dorée,4.800000,Abdij Notre-Dame de Scourmont
Chouffe Bok 6666,6.000000,Brouwerij d’Achouffe(Duvel-Moortgat)
Chouffe Soleil,6.000000,Brouwerij d’Achouffe
Christmas Leroy,7.500000,Brouwerij Van Eecke
ChristmasVerhaeghe,7.200000,Brouwerij Verhaeghe
Christmas PaleAle,6.300000,Brouwerij De Ryck
Ciney Blond,7.000000,Alken-Maes (Heineken)
Ciney Bruin,7.000000,Alken-Maes (Heineken)
Cluysenaer,7.000000,De ProefBrouwerij voor BrouwerijCluysenaer
Cnudde Bizon,5.500000,Brouwerij Cnudde
CnuddeOudenaards bruin (Kerkhofbier),5.000000,Brouwerij Cnudde
Colère Rouge,5.000000,Brouwerij Millevertus
Content,7.500000,Brouwerij De Graal voor DeVerhuisBrouwerij
Contrapils,5.000000,Brouwerij Contreras
Contreras’Especial Mars,6.500000,Brouwerij Contreras
Cookie Beer,8.000000,Brouwerij d’Ecaussinnes
Coq Hardi,5.500000,Brouwerij Haacht
Cornet,8.500000,Brouwerij Palm
Corsendonk Agnus,7.500000,Brouwerij du Bocq voorCorsendonk nv
Corsendonk Blond,6.500000,Brouwerij du Bocq voorCorsendonk nv
Corsendonk Bruin,6.500000,Brouwerij du Bocq voorCorsendonk nv
CorsendonkChristmas Ale,8.500000,Brouwerij du Bocq voorCorsendonk nv
Corsendonk Pater,7.500000,Brouwerij du Bocq voorCorsendonk nv
Corsendonk Rousse,8.000000,Brouwerij du Bocq voorCorsendonk nv
Corsendonk Summum Goudblond,8.000000,Brouwerij du Bocq voorCorsendonk nv
Corsendonk Summum Roodbruin,8.000000,Brouwerij du Bocq voorCorsendonk nv
CorsendonkTriple 11.11.11,7.500000,Brouwerij du Bocq voorCorsendonk nv
CouckelaerschenDoedel,6.500000,Brouwerij Strubbe
Courage,8.000000,Brouwerij De Dochter van deKorenaar
Coy’Heimsen,6.000000,Brouwerij Van Eecke
Crack Pils,5.000000,Brouwerij Het Sas
Crianza,7.000000,Brouwerij de la Senne
Cristal Alken,4.800000,Alken-Maes (Heineken)
Cristal 1928,5.800000,Alken-Maes (Heineken)
Cuvée Angélique,8.300000,Brouwerij De Glazen Toren
Cuvée de Bouillon,6.500000,Brouwerij de Bouillon
Cuvée deBriqville,7.000000,Brouwerij Van Steenberge
Cuvée de Francorchamps,8.000000,Brouwerij Lefebvre
Cuvée De Ranke,7.000000,Brouwerij De Ranke
Cuvée des Trolls,7.000000,Brouwerij Dubuisson
Cuvée des TrollsTriple,7.000000,Brouwerij Dubuisson
Cuvée Delphine,13.000000,De Struise Brouwers bij Brouwerij Deca
Cuvée d’Erpigny,15.000000,Brouwerij Alvinne
Cuvée du Château,11.000000,Brouwerij Van Honsebrouck
Cuvée du FloAmbrée,8.500000,Brouwerij du Flo
Cuvée du FloBlonde,8.000000,Brouwerij du Flo
Cuvée du FloBrune,9.000000,Brouwerij du Flo
Cuvée du FloFruit,6.500000,Brouwerij du Flo
Cuvée du Flo Miel,8.500000,Brouwerij du Flo
Cuvée du Tchesté,7.500000,Brouwerij Les 3 Fourquets inopdracht van de Confrérie du Tchesté de Neufchâteau
Cuvée Ermesinde,7.800000,Brouwerij Saint-Monon
Cuvée Freddy,10.000000,Brouwerij Alvinne
Cuvée Jeun’homme,6.500000,Brouwerij De Leite
Cuvée Jolie Môme,4.500000,Brouwerij du Flo
Cuvée René OudeGeuze,5.500000,Brouwerij Lindemans
Cuvée René OudeKriek,6.000000,Brouwerij Lindemans
Cuvée Li Crochon,8.700000,Brouwerij Du Bocq
Cuvée Mam’zelle,8.500000,Brouwerij De Leite
Cuvée Modeste,7.200000,Brouwerij De Koninck
CuvéeSaint-Antoine Blonde,7.500000,Brouwerij du Flo
CuvéeSaint-Antoine Brune,9.000000,Brouwerij du Flo
Cuvée Saint Gilloise,5.000000,Brouwerij Cantillon
Cuvée van de Keizer Blauw,11.000000,Brouwerij Het Anker
Cuvée van de Keizer Rood,10.000000,Brouwerij Het Anker
Dale,6.400000,De Proefbrouwerij
Darinckdelver,10.500000,Brouwerij Alvinne
Dark White BBB,4.500000,Brouwerij Fantôme
De BoomgaardFramboise,4.900000,Brouwerij d’Ecaussinnes
de Chokier,7.000000,De ProefBrouwerij
De EyckenBalthazar,9.000000,Brouwerij Alvinne
De Garre Tripel,11.500000,Staminee De Garre (Brouwerij VanSteenberge)
De Graal Blond,6.500000,Brouwerij De Graal
De Graal Dubbel,6.500000,Brouwerij De Graal
De Graal Gember,8.000000,Brouwerij De Graal
De Graal SloCK,6.500000,Brouwerij De Graal
De Graal Tripel,9.000000,Brouwerij De Graal
De Graal Quest,9.000000,Brouwerij De Graal
De GraalTriverius,6.800000,Brouwerij De Graal
De Kavijaks,7.000000,De Dolle Brouwers voor Kaffee Kavijaks
De Koninck,5.200000,Brouwerij De Koninck(Duvel-Moortgat)
De KoninckTriple d’Anvers,8.000000,Brouwerij De Koninck(Duvel-Moortgat)
De Koninck Winter,6.500000,Brouwerij De Koninck(Duvel-Moortgat)
De Maeght vanGottem,6.500000,HuisBrouwerij Sint-Canarus
De Nacht,5.200000,Brouwerij Vissenaken
De Poes,8.000000,Brouwerij De Poes
De RegenboogIJzer,6.000000,Brouwerij De Regenboog
De VerbodenVrucht,8.500000,Brouwerij De Kluis (InBev)
De Vlier X-Mas,8.500000,Brouwerij De Vlier
Deinze Export,4.600000,HuisBrouwerij Sint Canarus voor JCIDeinze en Leiestreek
Delhaize Christmas,9.000000,Affligem Brouwerij
Delhaize Tafelbier Blond,1.500000,Brouwerij Piedbœuf (InBev)
Delhaize Tafelbier Bruin,1.500000,Brouwerij Piedbœuf (InBev)
Delirium argentum 25,7.000000,Brouwerij Huyghe
Delirium Nocturnum,9.000000,Brouwerij Huyghe
Delirium Tremens,9.000000,Brouwerij Huyghe
DeliriumChristmas,10.000000,Brouwerij Huyghe
Delirium Red,8.500000,Brouwerij Huyghe
Delvaux,8.500000,Brouwerij De Kroon
Den Alternatief,5.000000,Brouwerij Het Alternatief
Den Bi3r,9.000000,Brouwerij Den Tseut
Den Drupneuze,8.500000,Brouwerij Den Tseut
Den Herberg Amber,5.000000,Brouwerij Den Herberg
Den Herberg Blond,5.500000,Brouwerij Den Herberg
Den Herberg Bruin,5.500000,Brouwerij Den Herberg
Den Herberg Tarwe,5.000000,Brouwerij Den Herberg
Den Mulder,8.000000,Brouwerij Den Tseut
Den Tits,6.200000,De Proefbrouwerij
Den Tseut,6.500000,Brouwerij Den Tseut
Den Twaalf,12.000000,Brouwerij ‘t Gaverhopke
Den Zytholoog,6.600000,Brouwerij De Graal voorbierfirma Vacas
Den Zwarte Sinjoor,6.700000,Brouwerij het Pakhuis
DendermondeTripel,8.000000,Brouwerij De Block
Dentergems Wit,5.000000,Brouwerij Het Anker
Deo,5.000000,De Oude Maalderij
Deugniet,7.300000,Brouwerij Du Bocq
DeuS,11.500000,Brouwerij Bosteels
Diabolici,8.000000,Groep John Martin
Dikke Mathile,6.000000,Brouwerij Strubbe
Dilleke,4.500000,Brouwerij Angerik
Diöle Ambrée,7.500000,Brasserie des carrières
Diôle Blonde,6.500000,Brasserie des carrières
Dobbel Palm,6.000000,Brouwerij Palm
Dobbelken Amber,6.500000,Brouwerij Strubbe
Dobbelken Bruin,5.000000,Brouwerij Strubbe
Dogabier,6.500000,HuisBrouwerij Sint-Canarus
Dominus Dubbel,6.500000,Group John Martin
Dominus Tripel,8.000000,Group John Martin
Donkere Stoere,8.200000,Brouwerij DijkWaert
Double Bie,6.500000,Brouwerij De Bie
Double de Brabant,6.500000,Groep John Martin
Double EnghienBlonde,7.500000,Brouwerij de Silly
Double EnghienBrune,8.000000,Brouwerij de Silly
Douglas CelticBrown,7.900000,Scottish & Newcastle voorGroep John Martin
Douglas CelticLager,5.000000,Scottish & Newcastle voorGroep John Martin
Douglas CelticRed,7.900000,Scottish & Newcastle voorGroep John Martin
Douglas CelticSuper,7.900000,Scottish & Newcastle voorGroep John Martin
Douglas CelticXXX Strong,12.000000,Scottish & Newcastle voorGroep John Martin
DrongensPlezierke,7.500000,Brouwerij Slaghmuylder
Druïde Blond,6.500000,De ProefBrouwerij voor BrouwerijDruïde
Druïde Bruin,6.500000,De ProefBrouwerij voor BrouwerijDruïde
Druïde Grand Q,8.500000,De ProefBrouwerij voor BrouwerijDruïde
Druivenbier,6.000000,Brouwerij Van Steenbergevoor Brouwerij Paeleman
Dubbel Buitenlust,8.500000,De ProefBrouwerij
Dubbel Klok,8.500000,Brouwerij Boelens
Ducassis,3.000000,Brouwerij des Légendes
Duchesse deBourgogne,6.200000,Brouwerij Verhaeghe Vichte
Duivels Bier,8.000000,Brouwerij Boon
Dulle Griet,6.500000,De ScheldeBrouwerij
Dulle Teve,10.000000,De Dolle Brouwers
Duvel,8.500000,Brouwerij Duvel Moortgat
DuvelTripel Hop,9.500000,Brouwerij Duvel Moortgat
Durboyse blond,6.500000,Brasserie Lefebre
Durboyse brune,6.000000,Brasserie Lefebre
Durboyse tripel,8.000000,Brasserie Lefebre
Dwarskop,7.000000, Brouwerij ‘t Paynhuys
Echt Kriekenbier,6.800000,Brouwerij Verhaeghe
Echte Kriek,6.800000,Brouwerij Verhaeghe
Edel-Brau,0.300000,Brouwerij Strubbe
Eerwaarde Pater,9.000000,Brouwerij Het Alternatiefbij Brouwerij De Graal of Brouwerij Alvinne
Eeuwige Liefde,8.200000,Brouwerij DijkWaert
Egmont,6.500000,Brouwerij Strubbe voorBrouwerij Crombé
Egotripel,6.500000,Brouwerij Groenendael
Egotripel Dark,7.100000,Brouwerij Groenendael
Elliot Brew,9.000000,De Struise Brouwers bij Brouwerij Deca
El Toro,6.500000,Brouwerij Contreras
Embrasse,9.000000,Brouwerij De Dochter van deKorenaar
Embrasse SpecialEdition,9.000000,Brouwerij De Dochter van deKorenaar
Ename Blond,6.500000,Brouwerij Roman
Ename Dubbel,6.500000,Brouwerij Roman
Ename Tripel,8.500000,Brouwerij Roman
Ename Cuvée 974,7.000000,Brouwerij Roman
Enfant Terriple,8.200000,Brouwerij De Leite
Enghien Noël,9.000000,Brouwerij de Silly
EstaminetPremium Pils,5.200000,Brouwerij Palm
Equinox,8.000000,Brouwerij De Ranke voorBrouwerij de la Senne
Eupener Bier,5.200000,Brouwerij Haacht
Export 8,4.700000,Brouwerij Haacht
EzelBruin,6.500000,Brouwerij Bavik
EzelWit,5.800000,Brouwerij Bavik
Fancy,0.500000,Brouwerij Bavik
Fantôme,8.000000,Brouwerij Fantôme
Fantôme Chocolat,8.000000,Brouwerij Fantôme
Fantôme SpécialeNoel,8.000000,Brouwerij Fantôme
Faro Boon,4.000000,Brouwerij Boon
Faro Girardin,5.000000,Brouwerij Girardin
Faro LambicLindemans,4.500000,Brouwerij Lindemans
Faro Perte Totale,5.000000,Brouwerij Boon
Fasso Blond,6.500000,Brouwerij Vissenaken
Felix Kriek OudBruin,6.000000,Brouwerij Verhaeghe voorBrouwerij Clarysse (bierfirma)
Felix Kriekbier,5.200000,Brouwerij Verhaeghe voorBrouwerij Clarysse (bierfirma)
Felix Oud Bruin,5.200000,Brouwerij Verhaeghe voorBrouwerij Clarysse (bierfirma)
Felix SpeciaalOudenaards,4.600000,Brouwerij Verhaeghe voorBrouwerij Clarysse (bierfirma)
Femme Fatale,6.500000,Brouwerij De Leite
Ferme Framboos,8.000000,Brouwerij De Vlier
Finesse,8.500000,Brouwerij De Dochter van deKorenaar
First Angel,8.000000,Brouwerij Eutropius
Flandrien,7.000000,Brouwerij Louwaege
Flodder,8.000000,De ProefBrouwerij voor bierfirmaVALOCCO
Floreffe Blond,6.300000,Brouwerij Lefebvre
Floreffe Dubbel,6.300000,Brouwerij Lefebvre
Floreffe PrimaMelior,8.000000,Brouwerij Lefebvre
Floreffe Tripel,7.500000,Brouwerij Lefebvre
Floreffe Wit-Bier,4.500000,Brouwerij Lefebvre
Florilège dePensée,9.000000,Brouwerij d’Ecaussinnes
Florilège de Rose,9.000000,Brouwerij d’Ecaussinnes
Florilège deSureau,9.000000,Brouwerij d’Ecaussinnes
Florilèged’Hibiscus,9.000000,Brouwerij d’Ecaussinnes
Floris Cactus,4.200000,Brouwerij Huyghe
Floris Chocolat,4.200000,Brouwerij Huyghe
Floris Fraise,3.600000,Brouwerij Huyghe
Floris Framboise,3.700000,Brouwerij Huyghe
Floris Griotte,3.000000,Brouwerij Huyghe
Floris Honey,4.500000,Brouwerij Huyghe
Floris Kriek,3.600000,Brouwerij Huyghe
Floris Mango,3.600000,Brouwerij Huyghe
Floris Ninkeberry,3.600000,Brouwerij Huyghe
Floris Passion,3.600000,Brouwerij Huyghe
Floris Pear,3.500000,Brouwerij Huyghe
Floris Pomme /Apple,3.500000,Brouwerij Huyghe
Floris Witbier,5.000000,Brouwerij Huyghe
Florival Blond,7.000000,Affligem Brouwerij (Brouwerij DeSmedt)
Florival Bruin,7.000000,Affligem Brouwerij
Florival Tripel,8.500000,Affligem Brouwerij
Florival Winter,9.000000,Affligem Brouwerij
Foewerbier,7.000000,Brouwerij Kerkom
ForestinneAmbrosia,7.500000,Brouwerij Caracole
ForestinneGothika,7.500000,Brouwerij Caracole
ForestinneMysteria,7.500000,Brouwerij Caracole
ForestinneNordika,7.500000,Brouwerij Caracole
ForestinnePrimoria,7.500000,Brouwerij Caracole
Fort Lapin 8,8.000000,Brouwerij Fort Lapin
Framboise Boon,6.000000,Brouwerij Boon
FramboiseGirardin,5.000000,Brouwerij Girardin
FramboiseLindemans,2.500000,Brouwerij Lindemans
Framboise MaxJacobins,3.000000,Brouwerij Bockor
Framboise OudBeersel,5.000000,Brouwerij Oud Beersel
Frasnoise Givrée,6.300000,Brouwerij La Frasnoise
Frasnoise Rétro,6.300000,Brouwerij La Frasnoise
Freaky,3.800000,Brouwerij Alvinne
Freaky Dark,3.800000,Brouwerij Alvinne
Fruitig Bierreke,8.200000,Brouwerij DijkWaert
Gageleer,7.500000,De ProefBrouwerij
Gaspar,8.000000,Brouwerij Alvinne
Gauloise Ambrée,5.500000,Brouwerij Du Bocq
Gauloise Blonde,6.300000,Brouwerij Du Bocq
Gauloise Brune,8.100000,Brouwerij Du Bocq
Gauloise Red,8.200000,Brouwerij Du Bocq
GauloiseChristmas,8.100000,Brouwerij Du Bocq
Gentse Strop,6.900000,Brouwerij Roman
Gentse Tripel,8.000000,Brouwerij Van Steenberge
Gertrude Ambrée,6.000000,Brouwerij de Bouillon
Gertrude Triple,7.500000,De ProefBrouwerij
Geuze Cantillon100% Lambic Bio,5.000000,Brouwerij Cantillon
Gueuze Girardin,5.000000,Brouwerij Girardin
Gueuze Girardingefilterd,5.000000,Brouwerij Girardin
Geuze Jacobins,5.500000,Brouwerij Bockor
Geuze Lindemans,5.500000,Brouwerij Lindemans
Geuze MariageParfait,8.000000,Brouwerij Boon
Ghulden Cop,6.000000,Brouwerij De Graal
GiesbaargsMuurken,7.000000,De ProefBrouwerij
Gigi speciale,2.500000,Brouwerij Gigi
Gildenbier,7.000000,Brouwerij Haacht
Ginder Ale,5.100000,InBev
Glutaner,5.200000,Brouwerij Huyghe
Goeie Koffe,9.500000,Brouwerij DijkWaert
Goliath Blonde,5.500000,Brouwerij des Légendes
Goliath Triple,9.000000,Brouwerij des Légendes
Golden Kenia,5.100000,Brouwerij Huyghe
Golding Campina,4.800000,Alken-Maes (Heineken)
Gold Pils,5.000000,Brouwerij Bavik
Gordon FinestChrome,10.500000,Group John Martin
Gordon FinestCopper,6.600000,Group John Martin
Gordon FinestGold,10.000000,Group John Martin
Gordon FinestPlatinum,12.000000,Group John Martin
Gordon Finest Red,8.400000,Group John Martin
Gordon FinestScotch,8.600000,Group John Martin
Gordon FinestSilver,7.700000,Group John Martin
Gordon FinestZero,0.000000,Group John Martin
Gordon Five,5.000000,Group John Martin
Gordon Xmas,8.800000,Brouwerij Palm voor GroupJohn Martin
Goud Vuur,9.000000,Brouwerij DijkWaert
Gouden Arend 125,8.500000,Brouwerij De Ryck
Gouden CarolusAmbrio,8.000000,Brouwerij Het Anker
Gouden CarolusChristmas,10.500000,Brouwerij Het Anker
Gouden CarolusClassic,8.500000,Brouwerij Het Anker
Gouden CarolusEaster,10.000000,Brouwerij Het Anker
Gouden CarolusHopsinjoor,8.000000,Brouwerij Het Anker
Gouden CarolusTripel,9.000000,Brouwerij Het Anker
Gouden PierKloeffe,8.100000,De ProefBrouwerij voor BrouwerijSlaapmutske
GouyasseTradition,6.000000,Brouwerij des Géants
Gouyasse Triple,9.000000,Brouwerij des Géants
Grand CruBruocsella,5.000000,Brouwerij Cantillon
Green Buzz,6.000000,Brouwerij Millevertus
Grelotte,9.000000,Brouwerij Grain-d’Orge
Gribousine Blonde,8.500000,Brouwerij de Malonne
Gribousine Brune,8.000000,Brouwerij de Malonne
Gribousine Hiver,8.500000,Brouwerij de Malonne
Griboval,6.500000,Brouwerij Van Den Bosschevoor Scouts Moen 50 jaar (2011)
Grimbergen Blond,6.700000,Alken-Maes (Heineken – Carlsberg)
Grimbergen Cuvéede l’Ermitage,7.500000,Alken-Maes (Heineken – Carlsberg)
Grimbergen Dubbel,6.500000,Alken-Maes (Heineken – Carlsberg)
Grimbergen Goud 8°,8.000000,Alken-Maes (Heineken – Carlsberg)
Grimbergen Optimo Bruno,10.000000,Alken-Maes (Heineken – Carlsberg)
Grimbergen Selection,7.000000,Alken-Maes (Heineken – Carlsberg)
Grimbergen Tripel,9.000000,Alken-Maes (Heineken – Carlsberg)
Grimbergen Winter,6.500000,Alken-Maes (Heineken – Carlsberg)
Grisette Ambrée,5.000000,Brouwerij St-Feuillien
Grisette Blanche,5.000000,Brouwerij St-Feuillien
Grisette Blonde,4.500000,Brouwerij St-Feuillien
Grisette Cérise,3.500000,Brouwerij St-Feuillien
Grisette CountryCool,3.500000,Brouwerij St-Feuillien
Grisette Fruitsdes Bois,3.500000,Brouwerij St-Feuillien
Grotten FlemishAle,7.700000,Brouwerij St-Bernardus
Grottenbier,6.500000,Brouwerij St-Bernardus
Gruut Amber,6.600000,Brouwerij Gruut
Gruut Blond,5.500000,Brouwerij Gruut
Gruut Bruin,8.000000,Brouwerij Gruut
Gruut Inferno,9.000000,Brouwerij Gruut
Gruut Wit,5.000000,Brouwerij Gruut
Guido,8.000000,Brouwerij De Regenboog
Gulden Delle,8.500000,Brouwerij De Vlier
Gulden Draak,10.500000,Brouwerij Van Steenberge
Gulden Draak 9000 Quadruple,10.500000,Brouwerij Van Steenberge
Guldenberg,8.500000,Brouwerij De Ranke
Gypsy Rose,9.000000,Brouwerij Sainte-Hélène
Haanse Witte,5.500000,Brouwerij Strubbe voor denHaene
Halleschelle,8.500000,Brouwerij Alvinne
Hanssens LambicExperimental Cassis,4.000000,Brouwerij Hanssens
Hanssens LambicExperimental Raspberry,4.000000,Brouwerij Hanssens
Hapkin,8.500000,Alken-Maes (Heineken)
Harelbekenaarvan de abdijhoeve,6.000000,Brouwerij Van Eecke
Havane Nocturne,10.000000,Brouwerij Beryllium Erbium
Hector,8.200000,Brouwerij De Graal
Heksemiebier,6.200000,MicroBrouwerij Achilles
Hellekapelle,5.000000,Brouwerij De Bie
Helleketelbier,7.000000,Brouwerij De Bie
Hercule Stout,9.000000,Brouwerij des Légendes
Herkenrode Bruin,7.000000,Brouwerij Sint-Jozef
Herkenrode Tripel,7.000000,Brouwerij Sint-Jozef
Hertalse Poorter,6.500000,Brouwerij Slaghmuylder
Hertenheer,6.500000,ScheldeBrouwerij voor Brouwerij HetNest
Hervoise,8.200000,Brouwerij Grain d’Orge
Hik Blond,6.500000,Brouwerij Het Alternatiefbij Brouwerij De Graal
Hik Bruin,6.500000,Brouwerij Het Alternatiefbij Brouwerij De Graal
Himelein,6.000000,Brouwerij Vissenaken
Hoegaarden,4.900000,Brouwerij De Kluis (InBev)
Hoegaarden Citron,3.000000,Brouwerij De Kluis (InBev)
Hoegaarden GrandCru,8.500000,Brouwerij De Kluis (InBev)
Hoegaarden Rosée,3.000000,Brouwerij De Kluis (InBev)
HoegaardenSpéciale,5.700000,Brouwerij De Kluis (InBev)
HoegaardenVerboden Vrucht,8.800000,Brouwerij De Kluis (InBev)
Hof Korvatunturi,11.000000,t HofBrouwerijke
Hof ten DormaalAmber,7.500000,Brouwerij Hof ten Dormaal
Hof ten DormaalBlond,8.000000,Brouwerij Hof ten Dormaal
Hof ten DormaalDonker,8.500000,Brouwerij Hof ten Dormaal
Hofblues,5.500000,t HofBrouwerijke
Hofdraak,6.500000,t HofBrouwerijke
Hofelf,7.500000,t HofBrouwerijke
Hofnar,9.000000,t HofBrouwerijke
Hofpint,5.500000,t HofBrouwerijke
Hoftrol,6.200000,t HofBrouwerijke
Holger,5.000000,Brouwerij Martens
HolsbeekLentetripel,8.500000,Brouwerij De Vlier
Hommelbier,7.500000,Brouwerij Van Eecke
Hop Harvest,8.000000,Brouwerij De Ranke
Hop Ruiter,8.000000,ScheldeBrouwerij
HopjuttersTriple Hop,7.300000,Brouwerij De Graal voor DeHopjutters
Hoppa Hontas,6.500000,Brouwerij Maenhout
Hoppe,5.000000,Brouwerij Van Steenberge
Hoppesnoet,8.500000,Brouwerij Den Tseut
Hopus,8.300000,Brouwerij Lefebvre
Hopverdomme,7.500000,De Struise Brouwers
Horse Ale,4.500000,Inbev Belgium
Horst bier,6.500000,Brouwerij Haacht
Hotteuse GrandCru,8.000000,Affligem Brouwerij
Houblon ChouffeDobbelen IPA Tripel,9.000000,Brouwerij d’Achouffe(Duvel-Moortgat)
Hougaerdse Das,5.100000,Brouwerij De Kluis (InBev)
Houten Kop,6.500000,Brouwerij Strubbe
Huardis,5.200000,Brouwerij Nieuwhuys
Ichtegem’s grandcru,6.500000,Brouwerij Strubbe
Ichtegem’s OudBruin,5.000000,Brouwerij Strubbe
Ignis &Flamma,7.000000,De Struise Brouwers bij Brouwerij Deca
IPA,7.900000,Brouwerij Strubbe
Iris,6.000000,Brouwerij Cantillon
Irma,6.000000,voor bierfirma Vacas
Itters Bruin,1.300000,Brouwerij Sint-Jozef
Jack’Ouille,5.500000,Brouwerij de Bouillon
Jack-Op,5.500000,Brouwerij Boon
Jaded StillwaterArtisanal,10.000000,De Struise Brouwers bij Brouwerij Deca
Jambe-de-bois,8.000000,Brouwerij De Ranke voorBrouwerij de la Senne
Jan Buuc,7.500000,Brouwerij Het Sas
Jan De Lichte,7.000000,Brouwerij De Glazen Toren
Jan van Gent,5.500000,Brouwerij Liefmans
Jan vanOudenaarde,8.000000,Brouwerij Slaapmutske
Je Brûle De Désir,6.500000,Brouwerij Beryllium Erbium
Jean Nicot,8.500000,Brouwerij De Graal
Jeanke,NaN,Brouwerij St. Jean
Jessenhofke Bruin,7.000000,De ProefBrouwerij voor BrouwerijJessenhofke
Jessenhofke Maya,6.000000,De ProefBrouwerij voor BrouwerijJessenhofke
JessenhofkeTripel,8.000000,De ProefBrouwerij voor BrouwerijJessenhofke
Jezuwiet,8.500000,Brouwerij Boelens
JOB,6.000000,Brouwerij De Kroon
Johannes,6.500000,Brouwerij De Graal voorbierfirma Johannes
Joseph,5.400000,Brouwerij de Silenrieux
Joseph Bio,5.400000,Brouwerij de Silenrieux
Joup,7.500000,Brouwerij Grain d’Orge
Julius,8.700000,Brouwerij De Kluis (InBev)
Judas,8.500000,Alken-Maes (Heineken)
Jules de Bananes,4.900000,Brouwerij De Ryck
Jules de Kriek,4.900000,Brouwerij De Ryck
Jupiler,5.200000,Brouwerij Piedbœuf
Jupiler Blue,3.300000,Brouwerij Piedbœuf (InBev)
Jupiler NA,0.500000,Brouwerij Piedbœuf (InBev)
Jupiler New Tauro,6.200000,Inbev
Jupiler Tauro,8.300000,Inbev
Kalle,8.000000,Brouwerij Gulden Spoor
Kameleon Amber,6.500000,Brouwerij Den Hopperd
Kameleon Donker,6.000000,Brouwerij Den Hopperd
Kameleon Ginseng,6.500000,Brouwerij Den Hopperd
Kamil,6.500000,De ProefBrouwerij voor bierfirma BVG
Kameleon Tripel,8.500000,Brouwerij Den Hopperd
Kapel van VivenBlond,6.800000,De ProefBrouwerij voorBeerdevelopment Viven
Kapel van VivenBruin,6.600000,De ProefBrouwerij voorBeerdevelopment Viven
Kapittel Abt,10.000000,Brouwerij Van Eecke
Kapittel Blond,6.500000,Brouwerij Van Eecke
Kapittel Dubbel,7.500000,Brouwerij Van Eecke
Kapittel Pater,6.000000,Brouwerij Van Eecke
Kapittel Prior,9.000000,Brouwerij Van Eecke
Kapittel TripelAbt,10.000000,Brouwerij Van Eecke
Karlsquell,4.600000,Brouwerij Martens
Kastaar,6.000000,Brouwerij De Block
Kasteel Blond,7.000000,Brouwerij Van Honsebrouck
Kasteel Cuvée duChateau,11.000000,Brouwerij Van Honsebrouck
Kasteel Donker,11.000000,Brouwerij Van Honsebrouck
Kasteel Rouge,8.000000,Brouwerij Van Honsebrouck
Kasteel Tripel,11.000000,Brouwerij Van Honsebrouck
Kasteel van Staden blond,8.000000,Brouwerij DECA
Kasteel van Staden bruin,6.500000,Brouwerij DECA
Kasteelbier Blond,11.000000,Brouwerij Van Honsebrouck
Kasteelbier Bruin,11.000000,Brouwerij Van Honsebrouck
KasteelbierOoidonk,11.000000,Brouwerij Van Honsebrouck
Kastel,7.000000,De ProefBrouwerij in opdracht van DeKastelse Biervereniging
Kastelspompoenbier,NaN,De ProefBrouwerij in opdracht van DeKastelse Biervereniging
Katje Special,6.000000,Brouwerij Het Sas
KD,6.200000,Brouwerij Kadee
Keikop donker,NaN,Brouwerij de Kassei
Keikop saison,6.500000,Brouwerij de Kassei
Keikop tripel,8.700000,Brouwerij de Kassei
Keikoppenbier,6.100000,Brouwerij De Plukker
Keizer KarelRobijn Rood,8.500000,Brouwerij Haacht
Keizer KarelGoud Blond,8.500000,Brouwerij Haacht
Keizersberg,9.000000,Brouwerij Van Steenberge
Kempisch Vuur3-Dubbel,7.500000,De ProefBrouwerij in opdracht vanBrouwerij Pirlot
Kempisch VuurTripel,7.500000,De ProefBrouwerij in opdracht vanBrouwerij Pirlot
Kerasus,5.500000,Brouwerij Alvinne
Kerelsbier Donker,6.400000,Brouwerij Het Sas
Kerelsbier Licht,6.400000,Brouwerij Het Sas
Kerkomse Tripel,9.000000,Brouwerij Kerkom bijBrouwerij Sint-Jozef
Kerstpater,9.000000,Brouwerij Van Den Bossche
Kerstbie,8.000000,Brouwerij De Bie
KerstSmiske,11.000000,Brouwerij Smisje
Kerstvuur,8.000000,De ProefBrouwerij voor BrouwerijPirlot
Kessel 69,6.900000,Brouwerij De Vlier
Kessel Blond,7.500000,Brouwerij De Vlier
Keyte,7.500000,Brouwerij Strubbe
Keyte-Dobbel-Tripel,9.200000,Brouwerij Strubbe
Kleveretien,10.000000,De ScheldeBrouwerij voor BrouwerijHet Nest
Klingse Kalsei,8.000000,Brouwerij Van Steenberge
Kloeke Blonde,6.000000,De Struise Brouwers
Klokke Roeland,12.000000,Brouwerij Van Steenberge
Klooster vanViven,6.600000,De ProefBrouwerij voorBeerdevelopment Viven
Koantjesbier,7.000000,De ProefBrouwerij voor Bierfirma Vacas
Koddestamper Cuvee Fumee,9.500000,Het Brouwersatelier
Koddestamper Special Blond,6.500000,Het Brouwersatelier
Koddestamper Tripel,9.000000,Het Brouwersatelier
Koekelaring,6.500000,Brouwerij De Graal voor DeHoevebrouwers
Koeketiene,8.500000,Brouwerij Maenhout
Koerseklakske,5.500000,Brouwerij ‘t Gaverhopke
Korsakoff,6.500000,t HofBrouwerijke
Kortrijk-d’Utsel,8.500000,Brouwerij Kortrijk-d’Utsel
Kriek Belgique,3.500000,Brouwerij du Bocq
Kriek Boon,4.500000,Brouwerij Boon
Kriek Cantillon100% Lambic,5.500000,Brouwerij Cantillon
Kriek De Ranke,4.500000,Brouwerij De Ranke
Kriek deSilenrieux,4.500000,Brouwerij de Silenrieux
Kriek Fantastiek,4.900000,Brouwerij De Ryck
Kriek Girardin,5.000000,Brouwerij Girardin
Kriek Jacobins,4.500000,Brouwerij Bockor
Kriek Lindemans,3.500000,Brouwerij Lindemans
Kriek MariageParfait,8.000000,Brouwerij Boon
Kriekedebie,4.400000,Brouwerij De Bie
Kriekenbier,4.000000,Brouwerij Sint-Jozef
Kriekenbier,4.500000,Brouwerij Strubbe
Kriek Max,3.200000,Brouwerij Bockor
Kwaremont,6.600000,Brouwerij Bavik
Kwets,6.800000,Brouwerij De Graal voorMicroBrouwerij Paeleman in opdracht van Kwets vzw
Kwibus Blond,6.400000,Brouwerij Danny
Kwibus Donker,6.400000,Brouwerij Danny
L’Apogée,6.000000, Full Time Hops
La Barbiot Ambrée,9.500000,Brouwerij la Barbiot
La Barbiot Blonde,8.000000,Brouwerij la Barbiot
La BinchoiseBlonde,6.200000,Brouwerij La Binchoise
La BinchoiseBrune,7.700000,Brouwerij La Binchoise
La BinchoiseOrganic’ Brune,7.000000,Brouwerij La Binchoise
La BinchoiseOrganic’ Miel,8.500000,Brouwerij La Binchoise
La BinchoiseOrganic’ Triple,8.500000,Brouwerij La Binchoise
La BinchoiseSpéciale Noël,9.000000,Brouwerij La Binchoise
La BinchoiseTriple,8.500000,Brouwerij La Binchoise
La Binchoise XO,12.000000,Brouwerij La Binchoise
La BotteresseAmbrée,8.500000,Brouwerij la Botteresse deSur-les-bois
La BotteresseBière de Noël,10.500000,Brouwerij la Botteresse deSur-les-bois
La BotteresseBlonde,7.500000,Brouwerij la Botteresse deSur-les-bois
La BotteresseBrune,9.500000,Brouwerij la Botteresse deSur-les-bois
La BotteresseCérise,5.500000,Brouwerij la Botteresse deSur-les-bois
La BotteresseMiel,8.500000,Brouwerij la Botteresse deSur-les-bois
La BotteressePomme,5.400000,Brouwerij la Botteresse deSur-les-bois
La Blanche desSaisis,6.200000,Brouwerij Ellezelloise
La Bouillonnaise,7.000000,Brouwerij de Bouillon
La Chérie,5.000000,Brouwerij Val de Sambre
La Chèvenis,6.000000,Brouwerij de Bouillon
LaChouffe,8.000000,Brouwerij d’Achouffe(Duvel-Moortgat)
La Corne du Boisdes Pendus Blonde,5.900000,Brouwerij d’Ebly
La Corne du Boisdes Pendus Triple,7.000000,Brouwerij d’Ebly
La Cré Tonnerre,7.000000,Brouwerij de Silly
La Cress,6.500000,Brouwerij Anders voor Bierfirma La Cress
La Divine,9.500000,Brouwerij de Silly
La Douce Vertus,7.000000,Brouwerij Millevertus
La Frangine Blonde,6.200000,Brasserie de la semois
La Frangine La petite,4.500000,Brasserie de la semois
La Frangine Saison,5.500000,Brasserie de la semois
La Frangine Triple,8.500000,Brasserie de la semois
La Fumette,6.500000,Brouwerij Millevertus
La Grognarde,5.500000,Brouwerij Sainte-Hélène
La Guillotine,8.500000,Brouwerij Huyghe
La Jamboise deBister,6.500000,Brouwerij Lefebvre
La Dame des Lacs Blond,6.200000,Brasserie La Binchoise
La Dame des Lacs Bruin,7.700000,Brasserie La Binchoise
La Loubécoise,8.000000,Brouwerij d’Ecaussinnes
La Mac Vertus,4.800000,Brouwerij Millevertus
La Médiévale,6.000000,Brouwerij de Bouillon
La Mère Vertus,7.000000,Brouwerij Millevertus
La Moneuse,8.000000,Brouwerij de Blaugies
La MoneuseSpéciale Noël,8.000000,Brouwerij de Blaugies
La Moraipire,8.500000,Brouwerij Millevertus
La Namuroise,7.000000,Les Artisans Brasseurs
La Noire Fontaine,8.000000,Brouwerij de Bouillon
La Penneffoise,8.000000,Brouwerij d’Ecaussinnes
La Pils des 3Canaux,4.500000,Authentique Brouwerij
La PoiluchetteBlonde Cuvéé du Château,7.500000,Brouwerij Huyghe
La PoiluchetteBrune,7.500000,Brouwerij Huyghe
La Prime,8.500000,Brouwerij Sainte-Hélène
La Rulles Blonde,7.000000,Brouwerij Artisanale deRulles
La Rulles Brune,6.500000,Brouwerij Artisanale deRulles
La Rulles CuvéeMeilleurs Vœux,7.300000,Brouwerij Artisanale deRulles
La RullesEstivale,5.200000,Brouwerij Artisanale deRulles
La Rulles LaGrande 10,10.000000,Brouwerij Artisanale deRulles
La Rulles Triple,8.400000,Brouwerij Artisanale deRulles
La Safranaise,7.000000,Brouwerij Millevertus
La Saison dePipaix,6.000000,Brouwerij à Vapeur
La Saison desChasses Ambrée,7.000000,Brouwerij de Bouillon
La Saison desChasses Blonde,6.000000,Brouwerij de Bouillon
La SambresseBlonde,8.000000,Brouwerij Brootcoorens
La Spéciale Fêtes,8.500000,Brouwerij de Bouillon
La Trompeuse,6.900000,Brouwerij Jean Tout Seul
La TroufetteBelle d’été,6.000000,Brouwerij de Bastogne
La TroufetteBlonde,6.000000,Brouwerij de Bastogne
La TroufetteBrune,6.800000,Brouwerij de Bastogne
La TroufetteGivrée,8.000000,Brouwerij de Bastogne
La TroufetteRousse,7.800000,Brouwerij de Bastogne
La Vauban,6.000000,Brouwerij de Bouillon
La Vapeur enFolie,8.000000,Brouwerij à Vapeur
La Vapeur Légère,5.000000,Brouwerij à Vapeur
La Vermontoise,6.000000,Brasserie de Blaugies
La Waterlootoise,9.000000,Brouwerij Van Steenberge
Lam Gods,6.800000,Brouwerij Van Steenbergevoor Brouwerij Paeleman
L’Amarante,8.000000,Brouwerij Millevertus
Lambinus,8.000000,De ProefBrouwerij voor bierfirmaLesage
Lamme Goedzak,7.000000,De ScheldeBrouwerij
Lamoral Degmont,8.000000,Brouwerij Van Den Bossche
Le Pavé de l’Ours,7.500000,Brouwerij de Silenrieux
Leeuw Pilsener,5.000000,Brouwerij Haacht
Leeuwse Witte,5.000000,Affligem Brouwerij (Brouwerij DeSmedt)
Leffe Blond,6.600000,AB InBev
Leffe Bruin,6.500000,AB InBev
Leffe Kerst,6.500000,AB InBev
Leffe Lente,6.500000,AB InBev
Leffe Nectar,5.500000,AB InBev
Leffe Radieuse,8.200000,AB InBev
Leffe Royale,7.500000,AB InBev
Leffe Ruby,6.500000,AB InBev
Leffe Tripel,8.400000,AB InBev
Leffe VieilleCuvée,8.000000,AB InBev
Leffe 9°,9.000000,AB InBev
LeirekenBoekweit Blond,6.000000,Brouwerij Strubbe voorGuldenboot nv
LeirekenBoekweit Bruin,6.000000,Brouwerij Strubbe voorGuldenboot nv
Leireken LagerBio,5.200000,Brouwerij Strubbe voorGuldenboot nv
Leireken WildeVruchten,5.200000,Brouwerij Strubbe voorGuldenboot nv
Leireken WitteSpelt,5.000000,Brouwerij Strubbe voorGuldenboot nv
L’Enfant Terrible,7.000000,Brouwerij De Dochter van deKorenaar
Lesage Blond,7.000000,De ProefBrouwerij voor bierfirmaLesage
Lesage Dubbel,7.500000,De ProefBrouwerij voor bierfirmaLesage
Leute Bokbier,7.500000,Brouwerij Van Steenberge
Li Berwette,8.000000,Brouwerij Saint-Monon voorConfrérie du Busson
Li Berwette diNoyè,8.500000,Brouwerij Saint-Monon voorConfrérie du Busson
LiefmansCuvée-Brut,6.000000,Brouwerij Liefmans
LiefmansFrambozenbier,5.400000,Brouwerij Liefmans
LiefmansFruitesse Rood,4.200000,Brouwerij Liefmans
LiefmansGoudenband,8.000000,Brouwerij Liefmans
Liefmans OudBruin,5.000000,Brouwerij Liefmans
Liene,7.000000,t HofBrouwerijke in opdracht vanBrouwerij Het Nest
Liers Kerstbier,6.000000,Brouwerij Strubbe voor stadLier
Lily Blue,7.500000,Brouwerij Sainte-Hélène
Limburgse Witte,5.000000,Brouwerij Sint-Jozef
Limerick,8.000000,De ProefBrouwerij voor bierfirmaBas-bieren
Lindemans Apple,3.500000,Brouwerij Lindemans
Lindemans Cassis,3.500000,Brouwerij Lindemans
LindemansFramboise,2.500000,Brouwerij Lindemans
Lindemans Kriek,4.000000,Brouwerij Lindemans
LindemansPecheresse,2.500000,Brouwerij Lindemans
Liter vanPallieter,8.000000,MicroBrouwerij Achilles
Living trippel,8.000000,café de living
Livinus,10.000000,Brouwerij Van den Bossche
Livinus Blonde,10.000000,Brouwerij Van Eecke
Livinus Brune,9.000000,Brouwerij Van Eecke
Lokernaere,5.500000,Brouwerij Het Sas
Loterbol 6°,6.000000,Brouwerij Loterbol
Loterbol Blond,8.000000,Brouwerij Loterbol
Loterbol Bruin,8.000000,Brouwerij Loterbol
Lou Pepe,5.000000,Brouwerij Cantillon
Louwaege DubbelBlond,1.400000,Brouwerij Louwaege
Louwaege Faro,1.400000,Brouwerij Louwaege
Louwaege’s Kriek,4.300000,Brouwerijen Alken-Maes
Louwaege Stout,4.800000,Brouwerij Louwaege
Lozen Boer,10.000000,De ProefBrouwerij voor de familie Neyt
Lucifer,8.400000,Brouwerij Het Anker (vroegerin Brouwerij Riva en Brouwerij Liefmans)
Lupulus Blonde,8.500000,Brouwerij les 3 Fourquets
Lupulus Brune,8.500000,Brouwerij les 3 Fourquets
Lustem,7.000000,‘t HofBrouwerijke voor DeVerhuisBrouwerij
Ma Mère Spéciale,6.000000,Brouwerij De Leite
Maerlant,9.000000,Brouwerij Van Steenberge
Maes,5.200000,Alken-Maes
Maes Nature,1.500000,Alken-Maes (Heineken)
Mageleno,7.500000,HuisBrouwerij Sint Canarus
Magic Ghost,8.000000,Brasserie Fantôme
Malheur 6,6.000000,Brouwerij De Landtsheer
Malheur 8,8.000000,Brouwerij De Landtsheer
Malheur 10,10.000000,Brouwerij De Landtsheer
Malheur 12,12.000000,Brouwerij De Landtsheer
Malheur BièreBrut,11.000000,Brouwerij De Landtsheer
Malheur Dark Brut,12.000000,Brouwerij De Landtsheer
Malheur CuvéeRoyale,9.000000,Brouwerij De Landtsheer
Maltosa,1.200000,Brouwerij Haacht
Mamouche,5.000000,Brouwerij Cantillon
Maneblusser,6.000000,Brouwerij Het Anker
Manneke Pils,5.200000,Brouwerij Lefebvre
Mano Negra,10.000000,Brouwerij Alvinne
Manten,6.000000,Brouwerij Gulden Spoor
Marckloff,6.500000,Brouwerij La Ferme au Chêne
Maredsous blond,6.000000,Brouwerij Duvel Moortgat
Maredsous bruin,8.000000,Brouwerij Duvel Moortgat
Maredsous tripel,10.000000,Brouwerij Duvel Moortgat
Margriet,6.500000,Brouwerij Het Anker
Martens Pils,5.000000,Brouwerij Martens (Bocholt)
Martin’s Blond,6.000000,Group John Martin
Martin’s Pale Ale,5.500000,Group John Martin
Mater Witbier,5.000000,Brouwerij Roman
Maximo,11.500000,De Oude Maalderij
McChouffe,8.000000,Brouwerij d’Achouffe(Duvel-Moortgat)
Mc Thals,9.500000,Brouwerij DijkWaert
Melchior,11.000000,Brouwerij Alvinne
Melchior Oak Aged,11.000000,Brouwerij Alvinne
Melse God,6.500000,Brouwerij Huyghe
Merck toch hoesterck,9.000000,De ScheldeBrouwerij
Métisse Saison,5.700000,De Lion à Plume bij BrouwerijSainte-Hélène
Meuuh!,5.500000,Brouwerij Saint-Monon voorConfrérie du Busson
Mistinguett,6.500000,Brouwerij Sainte-Hélène
Modeste Bruin,7.800000,Brouwerij Strubbe voorBioFresh
Modeste Tripel,8.400000,Brouwerij Strubbe voorBioFresh
Moeder Overste,8.000000,Brouwerij Lefebvre
Moinette Blonde,8.000000,Brouwerij Dupont
Moinette Brune,8.500000,Brouwerij Dupont
MoinetteBiologique,7.500000,Brouwerij Dupont
Molse Tripel,8.300000,ScheldeBrouwerij
Mongozo Banana,4.500000,Brouwerij Huyghe
Mongozo Coconut,3.500000,Brouwerij Huyghe
Mongozo Mango,3.600000,Brouwerij Huyghe
Mongozo Palmnut,7.000000,Brouwerij Huyghe
Mongozo PremiumPilsener,5.000000,Brouwerij Huyghe
Mongozo Quinua,5.900000,Brouwerij Huyghe
Monk’s Stout,5.200000,Brouwerij Dupont
Mont-Saint-Aubert,8.000000,Brouwerij de Brunehaut
Montagnarde,9.000000,Brouwerij de l’Abbaye desRocs
MontagnardeAltitude 6,6.000000,Brouwerij de l’Abbaye desRocs
Morpheus Dark,10.200000,Brouwerij Alvinne
Morpheus Extra RA,7.100000,Brouwerij Alvinne
Morpheus Tripel,8.700000,Brouwerij Alvinne
Morpheus Wild,5.900000,Brouwerij Alvinne
Mort SubiteCassis,4.500000,Brouwerijen Alken-Maes
Mort Subite Faro,4.000000,Alken-Maes
Mort SubiteFramboise,5.000000,Alken-Maes
Mort SubiteGueuze,4.500000,Alken-Maes
Mort Subite Kriek,4.500000,Alken-Maes
Mort SubiteOriginal Gueuze,4.500000,Alken-Maes
Mort SubiteOriginal Kriek,4.500000,Alken-Maes
Mort Subite OudeGueuze,7.000000,Alken-Maes
Mort Subite OudeKriek,6.500000,Alken-Maes
Mort Subite Pêche,4.500000,Alken-Maes
Mort SubiteXtreme Framboise,4.300000,Alken-Maes
Mort SubiteXtreme Kriek,4.300000,Alken-Maes
Mort SubiteXtreme Manzana,4.200000,Alken-Maes
Mort SubiteWitte Lambic,5.000000,Alken-Maes
Motuecha,5.000000,De Struise Brouwers
Moulin deHollange – Blonde d’Epeautre,6.000000,Brouwerij Millevertus
Mouten Kop,6.000000,Brouwerij De Graal voor DeHopjutters
Mug,5.000000,De ScheldeBrouwerij
Myn’s Pils,5.000000,Brouwerij de Silly
Mystic Krieken,3.500000,Brouwerij Haacht
Mystic Limoen,3.500000,Brouwerij Haacht
Mystic Perzik,3.700000,Brouwerij Haacht
‘n Peerdevisscher,6.500000,Brouwerij Strubbe
‘n Slypke,6.000000,Brouwerij Van Eecke
‘n Toeback,9.500000,ScheldeBrouwerij
Naked Ladies,4.400000,Brouwerij Alvinne
Napoleon,7.000000,Affligem Brouwerij (Brouwerij DeSmedt)
Ne Flierefluiter,8.500000,Brouwerij De Smedt inopdracht van bierfirma Fisser
Ne Kopstoot,7.000000,Brouwerij de Brunehaut
Ne Snoeper,10.000000,t HofBrouwerijke
Nello’s Blond,7.000000,Brouwerij De Arend
Nello’s Tripel,NaN,Brouwerij De Arend
Nen Bangelijke,8.000000,Brouwerij ‘t Pakhuis
Nen Biskop,6.400000,Brouwerij Danny voorStichting Marcel De Bisschop
Nen Kerstbal,8.000000,voor bierfrima Vacas
Nen Uts,7.000000,Brouwerij De Graal voor DeHoevebrouwers
Netebuk,6.500000,Brouwerij Gulden Spoor
Newton,3.500000,Brouwerij Lefebvre
N’Ice Chouffe,10.000000,Brouwerij d’Achouffe(Duvel-Moortgat)
Nivoo,7.000000,Brouwerij Anders! voor GIBRIT
Noblesse,5.500000,Brouwerij De Dochter van deKorenaar
Noblesse Extra,7.000000,Brouwerij De Dochter van deKorenaar
Noël deSilenrieux,9.000000,Brouwerij de Silenrieux
Noir deDottignies,9.000000,Brouwerij De Ranke
Nondedju,10.700000,’t HofBrouwerijke voor Montaigu
Nonneke,8.000000,Brouwerij Anders
NOORderbierke,8.100000,Brouwerij Donum Ignis
Nostradamus,9.000000,Brouwerij Caracole
Notre Passion,8.000000,’t HofBrouwerijke voor Montaigu
Nounnette,7.500000,Brouwerij de l’Abbaye desRocs
Novice Tripel Black,8.500000,Brouwerij de Landtsheer
Nuits Blanches,7.500000,Brouwerij de l’Abbaye desRocs
Odlo Blond,6.700000,Brouwerij De Graal voor(T)HuisBrouwerij Odlo
Odlo Hivernum,8.700000,Brouwerij Lupus voor(T)HuisBrouwerij Odlo
Odlo Triviaal,8.200000,Brouwerij De Graal voor(T)HuisBrouwerij Odlo
Oelegems Titsenbier,7.500000,Dupont
Oeral,6.000000,De Dolle Brouwers
Oerbier,7.500000,De Dolle Brouwers
Oerbier specialReserva,13.000000,De Dolle Brouwers
Oesterstout,8.500000,De ScheldeBrouwerij
Okymore-Oxymore,8.000000,Brouwerij Oxymore
Omer.,8.000000,Brouwerij Bockor
Ommegang,8.000000,Brouwerij Haacht
Ondineke,8.500000,Brouwerij De Glazen Toren
Op-Ale,5.000000,Affligem Brouwerij (Brouwerij DeSmedt)
Opitter,NaN,Brouwerij Sint-Jozef
Ops-Ale,5.500000,Brouwerij Sint-Jozef
Optimo,8.000000,De Oude Maalderij
Orval,6.200000,Abdij Notre-Dame d’Orval
Orvélo,7.500000,De ProefBrouwerij voor bierfirma HalfZeven
Oudbeitje,6.000000,Hanssens Artisanaal
Oud Bier,2.100000,Brouwerij Strubbe
Oud Tassels,8.500000,Brouwerij Boelens voor Bier-en Wijnhandel De Neys-Asselman
Oud Kriekenbier,6.000000,Brouwerij Strubbe
Oud ZottegemsBier,6.500000,Brouwerij Strubbe
Oude Geuze 3Fonteinen,7.000000,Geuzestekerij 3 Fonteinen
Oude GeuzeVintage 3 Fonteinen,6.000000,Geuzestekerij 3 Fonteinen
Oude Geuze Boon,6.500000,Brouwerij Boon
Oude Geuze De Cam,6.000000,Geuzestekerij De Cam
Oude Geuze OudBeersel,6.000000,Brouwerij Oud Beersel
Oude GueuzeHanssens,6.000000,Hanssens Artisanaal
Oude GueuzeTilquin à l’ancienne,6.000000,Gueuzerie Tilquin
Oude Kriek 3Fonteinen,6.000000,Geuzestekerij 3 Fonteinen
Oude Kriek Boon,6.500000,Brouwerij Boon
Oude Kriek De Cam,6.500000,Geuzestekerij De Cam
Oude KriekHanssens,6.000000,Hanssens Artisanaal
Oude Kriek OudBeersel,6.500000,Brouwerij Oud Beersel
Oude Lambiek DeCam,5.000000,Geuzestekerij De Cam
Oude QuetscheTilquin à l’ancienne,6.400000,Gueuzerie Tilquin
Outblack,10.000000,De Struise Brouwers
Paasei,7.800000,voor bierfirma Vacas
Pa-Gijs,8.500000,Brouwerij Boelens
Paix-Dieu,10.000000,Brouwerij Caulier
Paljas Blond,6.000000,Brouwerij Henricus
Paljas Bruin,6.000000,Brouwerij Henricus
Paljas IPA,6.000000,Brouwerij Henricus
Palm,5.400000,Brouwerij Palm
Palm Dobbel,6.000000,Brouwerij Palm
Palm Green,0.250000,Brouwerij Palm
Palm Hopper,6.000000,Brouwerij Palm
Palm N.A,0.250000,Brouwerij Palm
Palm Royale,7.500000,Brouwerij Palm
Palm Sauvin,4.900000,Brouwerij Palm
Palm Speciale,5.200000,Brouwerij Palm
Pandreitje,7.000000,Brouwerij De Regenboog
Pannepot,10.000000,De Struise Brouwers bij Brouwerij Deca
Pannepot Reserva,10.000000,De Struise Brouwers bij Brouwerij Deca
Pannepot GrandReserva Vintage,10.000000,De Struise Brouwers bij Brouwerij Deca
Pannepeut,10.000000,De Struise Brouwers bij Brouwerij Deca
Papegaei,8.000000,Brouwerij Deca voorVerstraete
Passendale,6.000000,Brouwerij Duvel Moortgat
Pater,6.000000,De ScheldeBrouwerij voor De Lelie
Pater LievenBlond,6.500000,Brouwerij Van Den Bossche
Pater LievenBruin,6.500000,Brouwerij Van Den Bossche
Pater LievenTripel,8.000000,Brouwerij Van Den Bossche
Pater Lieven Wit,8.000000,Brouwerij Van Den Bossche
Pater VerbiestBlond,6.500000,De ProefBrouwerij
Pater VerbiestDonker,9.000000,De ProefBrouwerij
PaternosterDubbel,8.000000,MicroBrouwerij Achilles in DeProefBrouwerij in opdracht van Paters en Prinsen
PaternosterTripel,8.000000,Brouwerij Lupus in opdrachtvan Paters en Prinsen
Patrasche dubbel,8.000000,Brouwerij De Arend
Paulus,6.000000,Brouwerij Het Sas
Paus,8.500000,De ScheldeBrouwerij voor De Lelie
Pauwel Kwak,8.400000,Brouwerij Bosteels
Pax Pils,4.600000,Brouwerij Sint-Jozef
Pêche Mel Bush,8.500000,Brouwerij Dubuisson
Pee Klak GrandCru,8.400000,Brouwerij Strubbe voorBrouwerij Crombé
Peltr Blond,7.000000,Brouwerij Anders
Père Abbé,7.300000,Brouwerij Du Bocq
Père Noël,7.000000,Brouwerij De Ranke
Peter Benoit,5.000000,Brouwerij Het Sas
Petrus Aged Pale,7.300000,Brouwerij Bavik
Petrus Blond,6.600000,Brouwerij Bavik
Petrus DubbelBruin,6.500000,Brouwerij Bavik
Petrus GoudenTripel,7.500000,Brouwerij Bavik
Petrus Oud Bruin,5.500000,Brouwerij Bavik
Petrus Speciale,5.500000,Brouwerij Bavik
Petrus Winterbier,6.500000,Brouwerij Bavik
Pick-Up,5.000000,Brouwerij Walrave
Piedbœuf Blonde,1.500000,Brouwerij Piedbœuf (InBev)
Piedbœuf Brune,1.500000,Brouwerij Piedbœuf (InBev)
PiedbœufExcellence,2.000000,Brouwerij Piedbœuf (InBev)
Piedbœuf Foncée,1.500000,Brouwerij Piedbœuf (InBev)
Piedbœuf Triple,3.800000,Brouwerij Piedbœuf (InBev)
Pierewietje,6.000000,Brouwerij De Regenboog
Piet-Agoras,9.000000,Brouwerij Het Alternatiefbij Brouwerij De Graal
Pikkeling,6.200000,Brouwerij Slaghmuylder inopdracht van VVV De Faluintjesstreek
Pikkeling Tripel,8.000000,Brouwerij Boelens inopdracht van VVV De Faluintjesstreek
PilaarbijterBlond,7.200000,Brouwerij Bavik
PilaarbijterBruin,6.500000,Brouwerij Bavik
Pils de Brabant,4.900000,Groep John Martin
Pimpernelle,8.000000,Brouwerij Jessenhofke
Pink Killer,5.000000,Brouwerij de Silly
Pipedream,7.800000,Brouwerij Alvinne
Piraat,10.500000,Brouwerij Van Steenberge
Piraat Tripel Hop,10.500000,Brouwerij Van Steenberge
Pissenlit,8.000000,Brouwerij Fantôme
Plezir Blond,5.500000,Brouwerij Sint-Jozef inopdracht van Zirvest Cvba
Plezir Brown,7.100000,Brouwerij Sint-Jozef inopdracht van Zirvest Cvba
Plezir D LuxBlond,6.700000,Brouwerij Sint-Jozef inopdracht van Zirvest Cvba
Plezir D Lux Rosé,5.200000,Brouwerij Sint-Jozef inopdracht van Zirvest Cvba
Ploegsteert,5.400000,Brouwerij Verhaeghe Vichte
Plokkersbier,7.000000,Brouwerij De Bie
Podge BelgianImperial Stout,10.500000,Brouwerij Alvinne
Podge Oak AgedStout,11.000000,Brouwerij Alvinne
Polygonneke,6.000000,Brouwerij Van Eecke
PostelBlond,7.000000,Affligem Brouwerij (Brouwerij DeSmedt)
Postel Dubbel,7.000000,Affligem Brouwerij
Postel Tripel,8.500000,Affligem Brouwerij
Potteloereke,8.000000,HuisBrouwerij Sint-Canarus
Poorter,6.500000,Brouwerij du Bocq voorBrouwerij Sterkens
PoperingsHommelbier,7.500000,Brouwerij Van Eecke
PoperingsNunnebier,7.200000,Brouwerij Verhaeghe
Préaris Blond,6.000000,De ProefBrouwerij voor VliegendePaard Brouwers
Préaris Quadrupel,10.000000,De ProefBrouwerij voor VliegendePaard Brouwers
Prima Leroy,3.250000,Brouwerij Het Sas
Primus,5.200000,Brouwerij Haacht
Prinsesken,6.500000,Brouwerij Boelens
Qantelaar,8.000000,Brouwerij Maenhout voorbierfirma ProefBrouwerij d’oude maalderij
Quadrigenti,5.600000,t HofBrouwerijke voor bierfirmaMontaignu
Que Dansent Les Nymphes,4.500000,Brouwerij Beryllium Erbium
Quest,9.000000,Brouwerij De Graal
Queueu deCharrue Ambrée,5.600000,Brouwerij du Bocq inopdracht van Brouwerij Vanuxeem
Queueu deCharrue Blonde,6.600000,Brouwerij du Bocq inopdracht van Brouwerij Vanuxeem
Queueu deCharrue Brune,5.400000,Brouwerij Verhaeghe Vichtein opdracht van Brouwerij Vanuxeem
Queueu deCharrue Triple,9.000000,Brouwerij Van Steenberge inopdracht van Brouwerij Vanuxeem
QuackelbeensDonker,7.100000,Brouwerij Gulden Spoor voorAlain Quackelbeen
Quintine Ambrée,8.500000,Brouwerij Ellezelloise
Quintine BioOrganic,5.900000,Brouwerij Ellezelloise
Quintine Blonde,8.000000,Brouwerij Ellezelloise
Rader Ambrée,10.500000,Brouwerij de l’Abbaye duVal-Dieu voor Radermacher Distillerie
Rader Blonde,6.500000,Brouwerij de l’Abbaye duVal-Dieu voor Radermacher Distillerie
Ramée Amber,7.500000,Brouwerij de Brunehaut
Ramée TripleBlond,8.000000,Brouwerij de Brunehaut
Rebel Local,8.500000,Brouwersverzet bij Brouwerij HetGulden Spoor
Redbach,3.500000,Brouwerij Rodenbach
Redbocq,3.100000,Brouwerij Du Bocq
Redor,5.000000,Brouwerij Dupont
Regal Christmas,8.100000,Brouwerij Du Bocq
Reinaert Blond,7.000000,De ProefBrouwerij
Reinaert GrandCru,9.500000,De ProefBrouwerij
Reinaert Tripel,9.000000,De ProefBrouwerij
RevolucionMexicana’10,5.000000,Group John Martin
Ridder,2.250000,Brouwerij Het Sas
Riebedebie,9.000000,Brouwerij De Bie
Riva Blanche,5.000000,Brouwerij Riva
Robustus,10.000000,Brouwerij Het Gulden Spoor
Rochefort 6,7.500000,Abdij Notre-Dame de Saint-Rémy
Rochefort 8,9.200000,Abdij Notre-Dame de Saint-Rémy
Rochefort 10,11.300000,Abdij Notre-Dame de Saint-Rémy
Rodenbach,5.200000,Brouwerij Rodenbach
RodenbachAlexander,6.000000,Brouwerij Rodenbach
RodenbachCaractère Rouge,7.000000,Brouwerij Rodenbach
Rodenbach GrandCru,6.000000,Brouwerij Rodenbach
Rodenbach Rosse,4.000000,Brouwerij Rodenbach
Rodenbach Vintage,7.000000,Brouwerij Rodenbach
Rogier,6.500000,Brouwerij De Graal voorTraagwater
Romy Pils,5.100000,Brouwerij Roman
Ronaldus Witte Tripel,7.500000,Brouwerij Pirlot
Ronsischen Dubbel,7.400000,De ProefBrouwerij voor bierfirmaSlaapmutske
Ronsischen Tripel,8.000000,De ProefBrouwerij voor bierfirmaSlaapmutske
Roodebol,6.600000,Brouwerij Loterbol
Rosdel,5.800000,Brouwerij Nieuwhuys
Rosé de Gambrinus,5.500000,Brouwerij Cantillon
Rose des Remparts,4.500000,Brouwerij La Binchoise
Rosé Max,4.500000,Brouwerij Bockor
Roste Jeanne,7.000000,De Struise Brouwers bij Brouwerij Deca
Rousse de Brabant,5.200000,Groep John Martin
‘s LandsSouvenirs Du Terroir,11.000000,Brouwerij De Landtsheer
Safir,5.000000,InBev
Saint-BenoîtBlonde,6.300000,Brouwerij du Bocq
Saint-BenoîtBrune,6.500000,Brouwerij du Bocq
Saint-Lamvinus,6.000000,Brouwerij Cantillon
Saint-MononAmbrée,6.500000,Brouwerij Saint-Monon
Saint-Monon auMiel,8.000000,Brouwerij Saint-Monon
Saint-Monon Brune,7.500000,Brouwerij Saint-Monon
Saison 1900,5.200000,Brouwerij Lefebvre
Saison 2000,6.500000,Brouwerij des Légendes
Saison Cazeau,5.000000,Brouwerij de Cazeau
Saison deDottignies,5.500000,Brouwerij De Ranke
Saison de laSenne,4.300000,Brouwerij De Ranke voorBrouwerij de la Senne
Saison de Mai,8.300000,Brouwerij Saint-Monon
Saison de Pipaix,6.000000,Brouwerij à Vapeur
Saison d’Epeautre,6.000000,Brouwerij de Blaugies
Saisond’Erpe-Mere,6.900000,Brouwerij De Glazen Toren
Saison de Silly,5.000000,Brouwerij de Silly
Saison Dupont,6.500000,Brouwerij Dupont
Saison Dupont Bio,5.500000,Brouwerij Dupont
Saison DupontCuvée Dry Hopping,6.500000,Brouwerij Dupont
Saison Regal,5.500000,Brouwerij du Bocq
SaisonSt-Feuillien,6.500000,Brouwerij Saint-Feuillien
Saison Voisin,5.000000,Brouwerij des Légendes
Santa Bee,8.500000,Brouwerij Boelens
Sara Blond,6.000000,Brouwerij de Silenrieux
Sara Bruin,6.000000,Brouwerij de Silenrieux
Sas Brune,5.300000,Brouwerij Het Sas
Sas Export,5.000000,Brouwerij Het Sas
Sas Pils,5.000000,Brouwerij Het Sas
Sasbräu,6.300000,Brouwerij Het Sas
Satan Gold,8.000000,Brouwerij De Block
Satan Red,8.000000,Brouwerij De Block
Saxo,8.000000,Brouwerij Caracole
SchaarbeekseOude Kriek 3 Fonteinen,5.000000,Geuzestekerij 3 Fonteinen
Scheldepils,5.000000,Brouwerij Huyghe voor de DeScheldeBrouwerij
Schoenlappertje,5.000000,De ScheldeBrouwerij
Schultenbräu,4.900000,Brouwerij Martens voor Aldi
Schuppenboer,8.500000,De ScheldeBrouwerij voor BrouwerijHet Nest
Scotch C.T.S.,7.200000,Inbev
Scotch Silly,7.800000,Brouwerij de Silly
Seefbier,6.500000,Antwerpse Brouw Compagnie
Semini’sAksiedent,8.000000,Brouwerij Boelens
Serafijn Blond,6.200000,De ProefBrouwerij voor MicroBrouwerijAchilles
Serafijn Donker,8.000000,De ProefBrouwerij voor MicroBrouwerijAchilles
Serafijn GrandCru,9.000000,De ProefBrouwerij voor MicroBrouwerijAchilles
Serafijn Tripel,8.000000,De ProefBrouwerij voor MicroBrouwerijAchilles
SerafijnKerstlicht,7.000000,De ProefBrouwerij voor MicroBrouwerijAchilles
Sernia Brune,7.200000,Inbev
Sezoens Blond,6.000000,Brouwerij Martens (Bocholt)
Sezoens Quattro,8.000000,Brouwerij Martens (Bocholt)
Shark Pants,9.000000,De Struise Brouwers bij Brouwerij Deca
Silly Pils,5.000000,Brouwerij de Silly
Silly Pils Bio,5.000000,Brouwerij de Silly
Sinpalsken Blond,8.500000,Brouwerij De Cock bijBrouwerij Van Steenberge
Sinpalsken Donker,8.500000,Brouwerij De Cock bijBrouwerij Van Steenberge
Sint-AdriaansbierBlond,6.500000,Brouwerij Van Steenberge
Sint-AdriaansbierBruin,NaN,Brouwerij Van Steenberge
Sint-GummarusTripel,8.000000,Brouwerij Sint-Jozef
Sint-Idesbald,6.500000,Brouwerij Huyghe
Slaapmutske Blond,6.400000,De ProefBrouwerij voor BrouwerijSlaapmutske
Slaapmutske Bruin,6.000000,De ProefBrouwerij voor BrouwerijSlaapmutske
Slaapmutske BioTripel,8.000000,De ProefBrouwerij voor BrouwerijSlaapmutske
Slaapmutske HopCollection ft. Kent Goldings,10.000000,De ProefBrouwerij voor BrouwerijSlaapmutske
SlaapmutskeTripel,8.100000,De ProefBrouwerij voor BrouwerijSlaapmutske
SlaapmutskeChristmas,7.400000,De ProefBrouwerij voor BrouwerijSlaapmutske
Slaapmutske DryHopped Lager,5.300000,De ProefBrouwerij voor BrouwerijSlaapmutske
Slaefke,7.500000,HuisBrouwerij Sint Canarus voor DeVerhuisBrouwerij
Slag Lager,5.000000,Brouwerij Slaghmuylder
Slaghmuylder’sKerstbier,5.200000,Brouwerij Slaghmuylder
Slaghmuylder’sPaasbier,5.200000,Brouwerij Slaghmuylder
Sloeber,7.500000,Brouwerij Roman
Smisje Kerst,11.000000,Brouwerij Smisje
Smiske,7.000000,Brouwerij Smisje
Smiske Bruin,7.000000,Brouwerij Smisje
Smiske Extra,7.000000,Brouwerij Smisje
Smiske Winter,11.000000,Brouwerij Smisje
Snaaskerstbier,8.000000,Brouwerij Deca
Snoek Blond,7.500000,Brouwerij Bavik voor “Mout-en Brouwhuis De Snoek”
Snoek Bruin,5.500000,Brouwerij Strubbe voor“Mout- en Brouwhuis De Snoek”
Snuffelbeer,6.000000,Brouwerij De Regenboog
Sparta Pils,5.000000,Brouwerij Van Steenberge
Special 6 Block,6.000000,Brouwerij De Block
Special De Ryck,5.500000,Brouwerij De Ryck
Special ExtraExport Stout,9.000000,De Dolle Brouwers
Special Roman,5.500000,Brouwerij Roman
Speciale 1900,5.000000,Brouwerij Haacht
Spéciale deBrabant,5.300000,Groep John Martin
Speculoos Bier,8.000000,Brouwerij d’Ecaussinnes
Spelziale,4.500000,Brouwerij Millevertus
Spioenkopje,5.000000,Brouwerij Strubbe voor denHaene
Spitfire OudBalegems,8.000000,Brouwerij Van Steenberge
Sint-Amatus,10.500000,De Struise Brouwers bij Brouwerij Deca
St. BernardusAbt 12,10.500000,Brouwerij St. Bernardus
St. BernardusChristmas Ale,10.000000,Brouwerij St. Bernardus
St. BernardusPater 6,6.700000,Brouwerij St. Bernardus
St. BernardusPrior 8,8.000000,Brouwerij St. Bernardus
St. BernardusTripel,8.000000,Brouwerij St. Bernardus
St. BernardusWitbier,5.500000,Brouwerij St. Bernardus
Sint-IdesbaldRéserve Ten Duinen Blond,6.500000,Brouwerij Huyghe
Sint-IdesbaldRéserve Ten Duinen Dubbel,8.000000,Brouwerij Huyghe
Sint-IdesbaldRéserve Ten Duinen Rousse,7.000000,Brouwerij Huyghe
Sint-IdesbaldRéserve Ten Duinen Tripel,9.000000,Brouwerij Huyghe
St. Benoit Blonde,6.300000,Brouwerij du Bocq
St. Benoit Brune,6.500000,Brouwerij du Bocq
St. FeuillienBlonde,7.500000,Brouwerij St-Feuillien
St. FeuillienBrune Réserve,7.500000,Brouwerij St-Feuillien
Grand CruSt-Feuillien Grand Cru,9.500000,Brouwerij Saint Feuillien
St. FeuillienTriple,8.500000,Brouwerij St-Feuillien
St. FeuillienCuvée de Noël,8.500000,Brouwerij St-Feuillien
St. FirminusBlond,NaN,Brouwerij Du Bocq
St. FirminusBruin,NaN,Brouwerij Du Bocq
St. Louis Cassis,4.500000,Brouwerij Van Honsebrouck
St. LouisFramboise,NaN,Brouwerij Van Honsebrouck
St. LouisFrambozen(bier),5.000000,Brouwerij Van Honsebrouck
St. Louis Gueuze,NaN,Brouwerij Van Honsebrouck
St. Louis GueuzeFond Tradition,5.000000,Brouwerij Van Honsebrouck
St. Louis KriekLambic,4.500000,Brouwerij Van Honsebrouck
St. Louis Peche,3.500000,Brouwerij Van Honsebrouck
St. LouisPremium Cassis,3.200000,Brouwerij Van Honsebrouck
St. LouisPremium Faro,3.200000,Brouwerij Van Honsebrouck
St. LouisPremium Framboise,2.800000,Brouwerij Van Honsebrouck
St. LouisPremium Kriek,3.200000,Brouwerij Van Honsebrouck
St. LouisPremium Pêche,2.600000,Brouwerij Van Honsebrouck
St. Paul Blond,5.300000,Brouwerij du Bocq voorBrouwerij Sterkens
St. Paul Double,6.900000,Brouwerij du Bocq voorBrouwerij Sterkens
St. Paul Speciale,5.500000,Brouwerij du Bocq voorBrouwerij Sterkens
St. Paul Tripel,5.000000,Brouwerij du Bocq voorBrouwerij Sterkens
St. SebastiaanDark,6.900000,Brouwerij du Bocq voorBrouwerij Sterkens
St. SebastiaanGrand Cru,7.600000,Brouwerij du Bocq voorBrouwerij Sterkens
Star Blond,0.400000,Brouwerij Haacht
Steenbrugge Blond,6.500000,Brouwerij Palm
SteenbruggeDubbel Bruin,6.500000,Brouwerij Palm (vroeger inBrouwerij De Gouden Boom)
SteenbruggeTripel,8.700000,Brouwerij Palm (vroeger inBrouwerij De Gouden Boom)
Steenbrugge Wit,5.000000,Brouwerij Palm
Steendonk,4.500000,Brouwerij Duvel Moortgat
Steenuilke,6.500000,Brouwerij De Rijck
Stella Artois,5.200000,InBev
Stepa,8.000000,De ProefBrouwerij voor Stepaja bvba
Stille Nacht,12.000000,De Dolle Brouwers
Stoeren Bonk,6.300000,Brouwerij Van Steenberge
Stoeren BonkBlond,8.000000,Brouwerij Van Steenberge
Stout Leroy,5.000000,Brouwerij Het Sas
Stoute Bie,5.500000,Brouwerij De Bie
Stouterik,4.500000,Brouwerij De Ranke voorBrouwerij de la Senne
Straffe Hendrik,9.000000,Brouwerij De Halve Maan
Straffe HendrikQuadrupel,11.000000,Brouwerij De Halve Maan
Straffe Toeback,9.500000,ScheldeBrouwerij
Straffe Winter,8.000000,Geuzestekerij 3 fonteinen
Strandgaper,6.200000,De ScheldeBrouwerij
StrandjuttersbierMong De Vos,9.200000,Brouwerij Strubbe voorbierfirma Den Haene
Stropken,7.000000,Brouwerij Bios
Strubbe Pils,5.200000,Brouwerij Strubbe
Struise Rio Reserva,11.000000,De Struise Brouwers
Struise Rosse,5.000000,De Struise Brouwers bij Brouwerij Deca
Struise Witte,5.000000,De Struise Brouwers bij Brouwerij Deca
Struiselensis,7.000000,De Struise Brouwers bij Brouwerij Deca
Succube Abyssal,6.500000,Brouwerij Beryllium Erbium
Suma Pils,5.000000,Brouwerij Het Sas
Super 64,5.000000,Brouwerij de Silly
Super des FagnesBlonde,7.500000,Brouwerij des Fagnes
Super des FagnesBrune,7.500000,Brouwerij des Fagnes
Super des FagnesGriottes,4.800000,Brouwerij des Fagnes
Super Kroon,6.500000,Brouwerij De Kroon
Superpils,4.300000,Brouwerij Strubbe
Sur-les-BoisAmbrée,8.000000,Brouwerij La Botteresse deSur-les-Bois
Sur-les-BoisBlonde,7.000000,Brouwerij La Botteresse deSur-les-Bois
Sur-les-BoisBrune,9.000000,Brouwerij La Botteresse deSur-les-Bois
Svea IPA,5.000000,De Struise Brouwers bij Brouwerij Deca
‘t Baronneke,6.500000,t HofBrouwerijke
‘t GaverhopkeBlondje,6.800000,Brouwerij ‘t Gaverhopke
‘t GaverhopkeBruintje,6.800000,Brouwerij ‘t Gaverhopke
‘t GaverhopkeKerstbier,6.800000,Brouwerij ‘t Gaverhopke
‘t GaverhopkeKriek,6.800000,Brouwerij ‘t Gaverhopke
‘t GaverhopkePaasbier,8.000000,Brouwerij ‘t Gaverhopke
‘tSchoenlappertje,6.500000,De ScheldeBrouwerij
‘t Smisje +dubbel IPA,10.000000,Brouwerij De Regenboog
‘t SmisjeBanananbier,6.000000,Brouwerij De Regenboog
‘t SmisjeBBBourgondier,12.000000,Brouwerij De Regenboog
‘t Smisje Blond,6.000000,Brouwerij De Regenboog
‘t Smisje CalvaReserva,12.000000,Brouwerij De Regenboog
‘t SmisjeCatherine The Great Imperial Stout,10.000000,Brouwerij De Regenboog
‘t Smisje Cuvee2005,10.000000,Brouwerij De Regenboog
‘t Smisje Dubbel,9.000000,Brouwerij De Regenboog
‘t Smisje Fiori,7.000000,Brouwerij De Regenboog
‘t Smisje GrandeReserva,11.000000,Brouwerij De Regenboog
‘t Smisje GreatReserva,10.000000,Brouwerij De Regenboog
‘t SmisjeHalloween,10.500000,Brouwerij De Regenboog
‘t Smisje Honing,6.000000,Brouwerij De Regenboog
‘t SmisjeHoningbier Bruin,6.000000,Brouwerij De Regenboog
‘t Smisje KuveeElektrik 979 W,9.000000,Brouwerij De Regenboog
‘t Smisje Meso,2.500000,Brouwerij De Regenboog
‘t SmisjeSleedoornbier,6.000000,Brouwerij De Regenboog
‘t SmisjeSleedoorn Extra,7.000000,Brouwerij De Regenboog
‘t SmisjeSpeciaal,10.500000,Brouwerij De Regenboog
‘t Smisje Tripel,9.000000,Brouwerij De Regenboog
‘t Zelfde,4.000000,Brouwerij Bosteels
‘t Zwarte GatBier,6.000000,Brouwerij De Regenboog
Taras Boulba,4.500000,Brouwerij De Ranke voorBrouwerij de la Senne
Tatsevoet,6.000000,Brouwerij Het Alternatiefbij Brouwerij Alvinne
Tempelier,6.000000,Brouwerij du Bocq voorBrouwerij Corsendonk
Ter Dolen Blond,6.100000,KasteelBrouwerij De Dool
Ter Dolen Donker,7.100000,Brouwerij Ter Dolen
Ter Dolen Kriek,4.500000,Brouwerij Ter Dolen
Ter Dolen Tripel,8.100000,Brouwerij Ter Dolen
Terracotta,7.000000,Brouwerij De Regenboog
Tervuro,6.500000,Den Triest
Thouroutenaere,8.500000,Alken-Maes (Heineken)
Tiense Kweiker,6.000000,Den Hopperd
Tiense Zoeg,5.000000,Craywinckelhof
TimmermansCaveau Gueuze,5.500000,Brouwerij Timmermans
Timmermans FaroLambic,4.000000,Brouwerij Timmermans
TimmermansFramboise Lambic,4.000000,Brouwerij Timmermans
TimmermansGueuze Lambic,5.000000,Brouwerij Timmermans
Timmermans KriekLambic,4.000000,Brouwerij Timmermans
Timmermans KriekRetro,5.000000,Brouwerij Timmermans
TimmermansLambicus Blanche,4.500000,Brouwerij Timmermans
Timmermans OudeGueuze,5.500000,Brouwerij Timmermans
Timmermans OudeKriek,5.500000,Brouwerij Timmermans
Timmermans PêcheLambic,4.000000,Brouwerij Timmermans
TimmermansStrawberry Lambic,4.000000,Brouwerij Timmermans
Timmermans WarmeKriek,4.000000,Brouwerij Timmermans
Tineke Van Heule,8.000000,Brouwerij Gulden Spoor
Titje,5.000000,Brouwerij de Silly
Toetëlèr Amber Tripel,8.500000,Brouwerij Den Toetëlèr
Toetëler Special,5.500000,Brouwerij Den Toetëlèr
Toetëlèr Speculaas,8.500000,Brouwerij Den Toetëlèr
Toetëlèr Wit,5.200000,Brouwerij Den Toetëlèr
Tongerlo Blond,6.000000,Brouwerij Haacht
Tongerlo Bruin,6.000000,Brouwerij Haacht
TongerloChristmas,6.500000,Brouwerij Haacht
Tongerlo Tripel,8.000000,Brouwerij Haacht
Tongerlo Prior,8.000000,Brouwerij Haacht
Tonneke,5.000000,Brouwerij Contreras
Toria Blond,6.500000,Brouwerij De Graal voor DeHoevebrouwers
Toria Tripel,8.700000,Brouwerij De Graal voor DeHoevebrouwers
Totem Zipacna,8.500000,Brouwerij Anders(voor Totem)
Totentrekker,5.500000,De ProefBrouwerij voor Buitenlust
Tournay,6.700000,Brouwerij de Cazeau
Tournay de Noël,8.200000,Brouwerij de Cazeau
Tournay Noire,7.600000,Brouwerij de Cazeau
Tournée Générale,6.500000,Brouwerij Duvel Moortgat
Tournée GénéraleTripel Hop,7.500000,Brouwerij Palm
Toverhekske,5.900000,Brouwerij Walrave
Trammelantje,6.500000,Brouwerij Strubbe voorBierfirma Den Haene
Trappieter,6.500000,De ProefBrouwerij voor BierfirmaTrappieter
Tremist,6.000000,Brouwerij Van Eecke voorExtremis
Triest Blond,6.000000,MicroBrouwerij Den Triest
Triest Dubbel,8.000000,MicroBrouwerij Den Triest
Triest Kriek,5.200000,MicroBrouwerij Den Triest
Triest Tripel,7.500000,MicroBrouwerij Den Triest
Triest X-mas,8.500000,MicroBrouwerij Den Triest
Tripel Kanunnik,8.200000,Brouwerij en stokerijWilderen
Tripel Karmeliet,8.400000,Brouwerij Bosteels
Tripel Klok,8.500000,Brouwerij Boelens
Triple Moine,7.300000,Brouwerij Du Bocq
Trisser,7.500000,De ProefBrouwerij voor DeVerhuisBrouwerij
Triverius,6.800000,Brouwerij De Graal
Troubadour Blond,6.500000,De ProefBrouwerij voor Brouwerij TheMusketeers
TroubadourImperial Stout,9.000000,De ProefBrouwerij voor Brouwerij TheMusketeers
Troubadour Magma,9.000000,De ProefBrouwerij voor Brouwerij TheMusketeers
TroubadourObscura,8.200000,De ProefBrouwerij voor Brouwerij TheMusketeers
TroubadourSpéciale,5.700000,De ProefBrouwerij voor Brouwerij TheMusketeers
Troublette,5.000000,Brouwerij Caracole
Tsjeeses,10.000000,De Struise Brouwers
Tsjeeses Reserva,10.000000,De Struise Brouwers
Tumulus 800,6.000000,De ProefBrouwerij in opdracht van DeKale Ridders
Tumulus Aura,5.500000,De ProefBrouwerij in opdracht van DeKale Ridders
Tumulus Magna,9.000000,De ProefBrouwerij in opdracht van DeKale Ridders
Tumulus Nera,8.000000,De ProefBrouwerij in opdracht van DeKale Ridders
TurnhoutsePatriot,6.500000,ScheldeBrouwerij voor HobbyBrouwerijHet Nest
Tuverbol,11.000000,Brouwerij Loterbol
Uilenspiegelbier,7.000000,Brouwerij Van Steenberge
Uitzet 1730,6.800000,Brouwerij Van Steenbergevoor Brouwerij Paeleman
Uitzet Kriekbier,7.500000,Brouwerij Van Steenbergevoor Brouwerij Paeleman
Ulricher Extra,5.000000,Brouwerij Girardin
Ultra Ambrée,7.000000,Brouwerij d’Ecaussinnes
Ultra Fraîche,3.500000,Brouwerij d’Ecaussinnes
Ultra Soif,5.000000,Brouwerij d’Ecaussinnes
Ultramour,5.000000,Brouwerij d’Ecaussinnes
Ultra Blonde,8.000000,Brouwerij d’Ecaussinnes
Ultradélice,8.000000,Brouwerij d’Ecaussinnes
Ultrabrune,10.000000,Brouwerij d’Ecaussinnes
Unkerzak,NaN,De ProefBrouwerij
Urchon,7.500000,Brouwerij des Légendes
Urthel Hop-It,9.500000,Brouwerij De Koningshoevenin opdracht van Brouwerij Urthel
Urthel HibernusQuentum,9.000000,Brouwerij De Leyerth
Urthel ParlusMagnificum,7.500000,Brouwerij De Leyerth
UrthelSaisonnière,6.000000,Brouwerij De Koningshoevenin opdracht van Brouwerij Urthel
Urthel Samaranth,11.500000,Brouwerij De Koningshoevenin opdracht van Brouwerij Urthel
Urthel TonicumFiniboldus,7.500000,Brouwerij De Leyerth
Val-Dieu Blonde,6.000000,Brouwerij Val-Dieu
Val-Dieu Brune,8.000000,Brouwerij Val-Dieu
Val-Dieu GrandCru,10.500000,Brouwerij Val-Dieu
Val-Dieu Triple,9.000000,Brouwerij Val-Dieu
Valeir Blond,6.500000,Brouwerij Contreras
Valeir Divers,8.500000,Brouwerij Contreras
Valeir Donker,6.500000,Brouwerij Contreras
Valeir Extra,6.500000,Brouwerij Contreras
Vanderghinsteoud bruin,5.500000,Brouwerij Bockor
Vapeur cochonne,9.000000,Brouwerij à Vapeur
Vapeur en folie,8.000000,Brouwerij à Vapeur
Vedett ExtraBlond,5.200000,Brouwerij Duvel Moortgat
Vedett ExtraWhite,4.700000,Brouwerij Duvel Moortgat
Vedett IPA,6.000000,Brouwerij Duvel Moortgat
Verhaeghe Pils,5.100000,Brouwerij Verhaeghe
Vesalius,8.000000,Brouwerij de Vlier
Vicardin,7.000000,Brouwerij Dilewyns
Vicaris Generaal,8.800000,Brouwerij Dilewyns
Vicaris Kerst,10.000000,Brouwerij Dilewyns
Vicaris Tripel,8.500000,Brouwerij Dilewyns
Vicaris Quinto,5.000000,Brouwerij Dilewyns
Vichtenaar,5.100000,Brouwerij Verhaeghe
Vieux BrugesBlanche,4.500000,Brouwerij Van Honsebrouck
Vieux BrugesFramboise(s),NaN,Brouwerij Van Honsebrouck
Vieux BrugesGueuze,5.000000,Brouwerij Van Honsebrouck
Vieux BrugesKriek,3.200000,Brouwerij Van Honsebrouck
Vieux BrugesKriek Lambic,5.000000,Brouwerij Van Honsebrouck
Vieux BrugesPeche,3.500000,Brouwerij Van Honsebrouck
Vieux BruxellesGueuze,5.000000,Brouwerij Van Honsebrouck
Vieux BruxellesKriek,4.000000,Brouwerij Van Honsebrouck
Vieux Temps,5.200000,AB Inbev
Vingeronne,6.000000,Brouwerij Cantillon
Villers Tripel,8.000000,Brouwerij Huyghe
Villers Vieille,7.000000,Brouwerij Huyghe
Vision Dionysiaque,11.000000,Brouwerij Beryllium Erbium
Viven Ale,5.000000,De ProefBrouwerij voorBeerdevelopment Viven
Viven Blond,6.100000,De ProefBrouwerij voorBeerdevelopment Viven
Viven Bruin,6.100000,De ProefBrouwerij voorBeerdevelopment Viven
Viven ImperialIPA,8.000000,De ProefBrouwerij voorBeerdevelopment Viven
Viven Porter,7.000000,De ProefBrouwerij voorBeerdevelopment Viven
Vlaamsch Wit,4.500000,Brouwerij Van Honsebrouck
Vlaamsche LeeuwBlondje,5.500000,Brouwerij Van Steenbergevoor De Brouwerij van Vlaanderen
Vlaamsche LeeuwDonker,7.500000,Brouwerij Van Steenbergevoor De Brouwerij van Vlaanderen
Vlaamsche LeeuwTripel,8.500000,Brouwerij Van Steenbergevoor De Brouwerij van Vlaanderen
Vlasbier,6.500000,Brouwerij Van Eecke
Vlaskapelle,5.000000,Brouwerij Gulden Spoor
Vlaskop,5.500000,Brouwerij Strubbe
Vleteren Alt,8.000000,Brouwerij Deca
Vleteren Super 8Blond,8.000000,Brouwerij Deca
Vliegenierke,7.000000,De ProefBrouwerij voor Brouwerij The Musketeers
Vliet Tripel,8.500000,Huisbrouwerij De Vliet
Volga La Rouge,8.300000,Brouwerij Huyghe
Volga 8.8,8.800000,Brouwerij Huyghe
Vondel,8.500000,Brouwerij Liefmans
Vossen met deMeynen Blond,6.500000,Brouwerij Het Anker
Vossen met deMeynen 69,6.900000,Brouwerij Hof ten Dormaal
Vurig Bierreke,11.500000,Brouwerij DijkWaert
Vuuve,5.000000,Brouwerij De Regenboog
Waas Klok BierBruin,8.500000,Brouwerij Boelens
Waas Klok BierTripel,8.500000,Brouwerij Boelens
Waase Wolf,6.000000,Brouwerij Boelens
Waaslander,5.000000,Brouwerij Boelens
Waterloo Double8 Dark,8.500000,Brouwerij Du Bocq
Waterloo Tripel7 Blond,7.500000,Brouwerij Du Bocq
Watneys ScotchAle,8.000000,Alken-Maes
Watou Tripel,7.500000,Brouwerij St. Bernardus
Watou’s Wit,5.000000,Brouwerij Van Eecke
Wechelse Tripel,7.500000,Brouwerij St. Bernardus voorcafé Den Toerist
West Pils,5.000000,Brouwerij Het Sas
Westhoek,6.000000,De Struise Brouwers
Westhoek XX,6.000000,De Struise Brouwers
Westmalle Dubbel,7.000000,Brouwerij Westmalle
Westmalle Tripel,9.500000,Brouwerij Westmalle
WestvleterenBlond,5.800000,Sint-Sixtusabdij van Westvleteren
Westvleteren Zes,6.200000,Sint-Sixtusabdij van Westvleteren
Westvleteren Acht,8.000000,Sint-Sixtusabdij van Westvleteren
WestvleterenTwaalf,10.200000,Sint-Sixtusabdij van Westvleteren
Wevelgemse Tripel,8.000000,Brouwerij De Ranke voorBierwinkel Bacelle
White by Mystic,5.100000,Brouwerij Haacht
Wilderen Goud,6.200000,Brouwerij Wilderen
Wilderen Kriek,3.500000,Brouwerij Wilderen
Willy Kriegelbier,7.000000,HuisBrouwerij Sint Canarus
Winterkoninck,6.500000,Brouwerij De Koninck(Duvel-Moortgat)
Winterkoninkske,8.300000,Brouwerij Sint-Jozef voorBrouwerij Kerkom
WinterkoninkskeHaspengouwse Grand Cru,13.000000,Brouwerij Sint-Jozef voorBrouwerij Kerkom
Wintersnood,6.400000,‘t HofBrouwerijke voor DeVerhuisBrouwerij
Wit Goud,8.000000,Brouwerij Hof ten Dormaal
Witheer,5.000000,ScheldeBrouwerij
Witkap PaterDubbel,7.000000,Brouwerij Slaghmuylder
Witkap PaterSpecial,5.500000,Brouwerij Slagmuylder
Witkap PaterStimulo,6.000000,Brouwerij Slaghmuylder
Witkap PaterTripel,7.500000,Brouwerij Slagmuylder
Witte Pol,5.600000,Brouwerij Inter-Pol
Wittekerke,5.000000,Brouwerij Bavik
WittekerkePassion,5.800000,Brouwerij Bavik
Wittekerke Rosé,4.300000,Brouwerij Bavik
Wittoen,7.000000,Brouwerij Strubbe
Wolf 7,7.400000,Brouwerij Wolf
Wolf 8,8.500000,Brouwerij Wolf
Wolf 9,9.000000,Brouwerij Wolf
Wolf Black,5.600000,Brouwerij Wolf
Wolf Carte Blanche,8.500000,Brouwerij Wolf
Wostyntje,7.000000,Brouwerij De Regenboog
Xenophon’s Wine,11.000000,De Struise Brouwers
X-Mas Beer,8.500000,Brouwerij Contreras
XX Bitter,6.200000,Brouwerij De Ranke
XXX Bitter,6.000000,Brouwerij De Ranke
Yperman,5.500000,Brouwerij Het Sas
Yellow Mortal,7.200000,Brouwerij Mortal’s Beers
